Record Date,Security Class Description,Current Month Amount (in Millions),Current Month Amount 1 Year Ago (in Millions),Fiscal Year End Amount 1 Year Ago (in Millions),Fiscal Year End Amount 2 Year Ago (in Millions),Fiscal Year End Amount 3 Year Ago (in Millions),Fiscal Year End Amount 4 Year Ago (in Millions),Source Line Number,Fiscal Year,Fiscal Quarter Number,Calendar Year,Calendar Quarter Number,Calendar Month Number,Calendar Day Number
2023-10-31,Debt Held by the Public,26576222.0411906,24352542,26330142,24299193,22282900,21018952,1,2024,1,2023,4,10,31
2023-10-31,Intragovernmental Holdings,7123357.54657471,6885759,6837192,6629719,6146018,5926439,2,2024,1,2023,4,10,31
2023-10-31,Total Public Debt Outstanding,33699579.5877654,31238301,33167334,30928912,28428919,26945391,3,2024,1,2023,4,10,31
2023-09-30,Debt Held by the Public,26330141.8529561,24299193,24299193,22282900,21018952,16809092,1,2023,4,2023,3,09,30
2023-09-30,Intragovernmental Holdings,6837191.97250122,6629719,6629719,6146018,5926439,5910309,2,2023,4,2023,3,09,30
2023-09-30,Total Public Debt Outstanding,33167333.8254573,30928912,30928912,28428919,26945391,22719402,3,2023,4,2023,3,09,30
2023-08-31,Debt Held by the Public,26044050.6237621,24267551,24299193,22282900,21018952,16809092,1,2023,4,2023,3,08,31
2023-08-31,Intragovernmental Holdings,6870098.65920411,6668524,6629719,6146018,5926439,5910309,2,2023,4,2023,3,08,31
2023-08-31,Total Public Debt Outstanding,32914149.2829662,30936075,30928912,28428919,26945391,22719402,3,2023,4,2023,3,08,31
2023-07-31,Debt Held by the Public,25708799.2637481,23952579,24299193,22282900,21018952,16809092,1,2023,4,2023,3,07,31
2023-07-31,Intragovernmental Holdings,6899785.84585635,6642529,6629719,6146018,5926439,5910309,2,2023,4,2023,3,07,31
2023-07-31,Total Public Debt Outstanding,32608585.1096044,30595109,30928912,28428919,26945391,22719402,3,2023,4,2023,3,07,31
2023-06-30,Debt Held by the Public,25461998.1822797,23912160,24299193,22282900,21018952,16809092,1,2023,3,2023,2,06,30
2023-06-30,Intragovernmental Holdings,6870275.99770715,6656422,6629719,6146018,5926439,5910309,2,2023,3,2023,2,06,30
2023-06-30,Total Public Debt Outstanding,32332274.1799868,30568582,30928912,28428919,26945391,22719402,3,2023,3,2023,2,06,30
2023-05-31,Debt Held by the Public,24630686.2480428,23904391,24299193,22282900,21018952,16809092,1,2023,3,2023,2,05,31
2023-05-31,Intragovernmental Holdings,6833771.18210943,6595227,6629719,6146018,5926439,5910309,2,2023,3,2023,2,05,31
2023-05-31,Total Public Debt Outstanding,31464457.4301522,30499619,30928912,28428919,26945391,22719402,3,2023,3,2023,2,05,31
2023-04-30,Debt Held by the Public,24605068.0005365,23847245,24299193,22282900,21018952,16809092,1,2023,3,2023,2,04,30
2023-04-30,Intragovernmental Holdings,6852747.02584893,6526909,6629719,6146018,5926439,5910309,2,2023,3,2023,2,04,30
2023-04-30,Total Public Debt Outstanding,31457815.0263855,30374155,30928912,28428919,26945391,22719402,3,2023,3,2023,2,04,30
2023-03-31,Debt Held by the Public,24693515.0244814,23879768,24299193,22282900,21018952,16809092,1,2023,2,2023,1,03,31
2023-03-31,Intragovernmental Holdings,6764922.62123536,6521192,6629719,6146018,5926439,5910309,2,2023,2,2023,1,03,31
2023-03-31,Total Public Debt Outstanding,31458437.6457168,30400960,30928912,28428919,26945391,22719402,3,2023,2,2023,1,03,31
2023-02-28,Debt Held by the Public,24609240.8008158,23776560,24299193,22282900,21018952,16809092,1,2023,2,2023,1,02,28
2023-02-28,Intragovernmental Holdings,6850050.65685769,6513793,6629719,6146018,5926439,5910309,2,2023,2,2023,1,02,28
2023-02-28,Total Public Debt Outstanding,31459291.4576735,30290353,30928912,28428919,26945391,22719402,3,2023,2,2023,1,02,28
2023-01-31,Debt Held by the Public,24583994.486688,23487181,24299193,22282900,21018952,16809092,1,2023,2,2023,1,01,31
2023-01-31,Intragovernmental Holdings,6870988.65466451,6525205,6629719,6146018,5926439,5910309,2,2023,2,2023,1,01,31
2023-01-31,Total Public Debt Outstanding,31454982.0413525,30012386,30928912,28428919,26945391,22719402,3,2023,2,2023,1,01,31
2022-12-31,Debt Held by the Public,24517593.3038627,23143747,24299193,22282900,21018952,16809092,1,2023,1,2022,4,12,31
2022-12-31,Intragovernmental Holdings,6902096.21299203,6473468,6629719,6146018,5926439,5910309,2,2023,1,2022,4,12,31
2022-12-31,Total Public Debt Outstanding,31419689.4168547,29617215,30928912,28428919,26945391,22719402,3,2023,1,2022,4,12,31
2022-11-30,Debt Held by the Public,24553456.5529243,22645912,24299193,22282900,21018952,16809092,1,2023,1,2022,4,11,30
2022-11-30,Intragovernmental Holdings,6859865.88061837,6262075,6629719,6146018,5926439,5910309,2,2023,1,2022,4,11,30
2022-11-30,Total Public Debt Outstanding,31413322.4335427,28907988,30928912,28428919,26945391,22719402,3,2023,1,2022,4,11,30
2022-10-31,Debt Held by the Public,24352541.6706877,22637090,24299193,22282900,21018952,16809092,1,2023,1,2022,4,10,31
2022-10-31,Intragovernmental Holdings,6885759.48589393,6271676,6629719,6146018,5926439,5910309,2,2023,1,2022,4,10,31
2022-10-31,Total Public Debt Outstanding,31238301.1565817,28908765,30928912,28428919,26945391,22719402,3,2023,1,2022,4,10,31
2022-09-30,Debt Held by the Public,24299192.5938802,22282900,22282900,21018952,16809092,15761155,1,2022,4,2022,3,09,30
2022-09-30,Intragovernmental Holdings,6629718.99314822,6146018,6146018,5926439,5910309,5754904,2,2022,4,2022,3,09,30
2022-09-30,Total Public Debt Outstanding,30928911.5870284,28428919,28428919,26945391,22719402,21516058,3,2022,4,2022,3,09,30
2022-08-31,Debt Held by the Public,24267551.2205685,22254544,22282900,21018952,16809092,15761155,1,2022,4,2022,3,08,31
2022-08-31,Intragovernmental Holdings,6668523.9726021,6172774,6146018,5926439,5910309,5754904,2,2022,4,2022,3,08,31
2022-08-31,Total Public Debt Outstanding,30936075.1931706,28427317,28428919,26945391,22719402,21516058,3,2022,4,2022,3,08,31
2022-07-31,Debt Held by the Public,23952579.2636262,22284628,22282900,21018952,16809092,15761155,1,2022,4,2022,3,07,31
2022-07-31,Intragovernmental Holdings,6642529.38413317,6143094,6146018,5926439,5910309,5754904,2,2022,4,2022,3,07,31
2022-07-31,Total Public Debt Outstanding,30595108.6227593,28427722,28428919,26945391,22719402,21516058,3,2022,4,2022,3,07,31
2022-06-30,Debt Held by the Public,23912159.7086404,22329823,22282900,21018952,16809092,15761155,1,2022,3,2022,2,06,30
2022-06-30,Intragovernmental Holdings,6656422.02754509,6199613,6146018,5926439,5910309,5754904,2,2022,3,2022,2,06,30
2022-06-30,Total Public Debt Outstanding,30568581.7361855,28529436,28428919,26945391,22719402,21516058,3,2022,3,2022,2,06,30
2022-05-31,Debt Held by the Public,23904391.4212165,22020939,22282900,21018952,16809092,15761155,1,2022,3,2022,2,05,31
2022-05-31,Intragovernmental Holdings,6595226.80348668,6178069,6146018,5926439,5910309,5754904,2,2022,3,2022,2,05,31
2022-05-31,Total Public Debt Outstanding,30499619.2247032,28199008,28428919,26945391,22719402,21516058,3,2022,3,2022,2,05,31
2022-04-30,Debt Held by the Public,23847245.0515079,22056055,22282900,21018952,16809092,15761155,1,2022,3,2022,2,04,30
2022-04-30,Intragovernmental Holdings,6526909.12008535,6118659,6146018,5926439,5910309,5754904,2,2022,3,2022,2,04,30
2022-04-30,Total Public Debt Outstanding,30374155.1715933,28174714,28428919,26945391,22719402,21516058,3,2022,3,2022,2,04,30
2022-03-31,Debt Held by the Public,23879767.7245996,21986939,22282900,21018952,16809092,15761155,1,2022,2,2022,1,03,31
2022-03-31,Intragovernmental Holdings,6521191.90354377,6145632,6146018,5926439,5910309,5754904,2,2022,2,2022,1,03,31
2022-03-31,Total Public Debt Outstanding,30400959.6281434,28132570,28428919,26945391,22719402,21516058,3,2022,2,2022,1,03,31
2022-02-28,Debt Held by the Public,23776559.8583396,21755737,22282900,21018952,16809092,15761155,1,2022,2,2022,1,02,28
2022-02-28,Intragovernmental Holdings,6513793.46885086,6146627,6146018,5926439,5910309,5754904,2,2022,2,2022,1,02,28
2022-02-28,Total Public Debt Outstanding,30290353.3271905,27902364,28428919,26945391,22719402,21516058,3,2022,2,2022,1,02,28
2022-01-31,Debt Held by the Public,23487180.8517276,21643915,22282900,21018952,16809092,15761155,1,2022,2,2022,1,01,31
2022-01-31,Intragovernmental Holdings,6525204.87423122,6140638,6146018,5926439,5910309,5754904,2,2022,2,2022,1,01,31
2022-01-31,Total Public Debt Outstanding,30012385.7259588,27784553,28428919,26945391,22719402,21516058,3,2022,2,2022,1,01,31
2021-12-31,Debt Held by the Public,23143747.3419429,21625437,22282900,21018952,16809092,15761155,1,2022,1,2021,4,12,31
2021-12-31,Intragovernmental Holdings,6473468.17868392,6095904,6146018,5926439,5910309,5754904,2,2022,1,2021,4,12,31
2021-12-31,Total Public Debt Outstanding,29617214.5206268,27721341,28428919,26945391,22719402,21516058,3,2022,1,2021,4,12,31
2021-11-30,Debt Held by the Public,22645911.8621255,21349472,22282900,21018952,16809092,15761155,1,2022,1,2021,4,11,30
2021-11-30,Intragovernmental Holdings,6262074.60512633,6096817,6146018,5926439,5910309,5754904,2,2022,1,2021,4,11,30
2021-11-30,Total Public Debt Outstanding,28907987.4672518,27446288,28428919,26945391,22719402,21516058,3,2022,1,2021,4,11,30
2021-10-31,Debt Held by the Public,22637089.618511,21096975,22282900,21018952,16809092,15761155,1,2022,1,2021,4,10,31
2021-10-31,Intragovernmental Holdings,6271676.24279488,6038502,6146018,5926439,5910309,5754904,2,2022,1,2021,4,10,31
2021-10-31,Total Public Debt Outstanding,28908764.8613059,27135477,28428919,26945391,22719402,21516058,3,2022,1,2021,4,10,31
2021-09-30,Debt Held by the Public,22282900.2281302,21018952,21018952,16809092,15761155,14673429,1,2021,4,2021,3,09,30
2021-09-30,Intragovernmental Holdings,6146017.88433845,5926439,5926439,5910309,5754904,5571471,2,2021,4,2021,3,09,30
2021-09-30,Total Public Debt Outstanding,28428919.1124686,26945391,26945391,22719402,21516058,20244900,3,2021,4,2021,3,09,30
2021-08-31,Debt Held by the Public,22254544.4444162,20822038,21018952,16809092,15761155,14673429,1,2021,4,2021,3,08,31
2021-08-31,Intragovernmental Holdings,6172774.30783947,5906797,5926439,5910309,5754904,5571471,2,2021,4,2021,3,08,31
2021-08-31,Total Public Debt Outstanding,28427316.7522556,26728836,26945391,22719402,21516058,20244900,3,2021,4,2021,3,08,31
2021-07-31,Debt Held by the Public,22284627.5511792,20634400,21018952,16809092,15761155,14673429,1,2021,4,2021,3,07,31
2021-07-31,Intragovernmental Holdings,6143094.03387227,5890554,5926439,5910309,5754904,5571471,2,2021,4,2021,3,07,31
2021-07-31,Total Public Debt Outstanding,28427721.5850515,26524953,26945391,22719402,21516058,20244900,3,2021,4,2021,3,07,31
2021-06-30,Debt Held by the Public,22329822.7915127,20530278,21018952,16809092,15761155,14673429,1,2021,3,2021,2,06,30
2021-06-30,Intragovernmental Holdings,6199613.3395231,5946963,5926439,5910309,5754904,5571471,2,2021,3,2021,2,06,30
2021-06-30,Total Public Debt Outstanding,28529436.1310358,26477241,26945391,22719402,21516058,20244900,3,2021,3,2021,2,06,30
2021-05-31,Debt Held by the Public,22020939.2101732,19812782,21018952,16809092,15761155,14673429,1,2021,3,2021,2,05,31
2021-05-31,Intragovernmental Holdings,6178069.46564764,5933479,5926439,5910309,5754904,5571471,2,2021,3,2021,2,05,31
2021-05-31,Total Public Debt Outstanding,28199007.6758208,25746260,26945391,22719402,21516058,20244900,3,2021,3,2021,2,05,31
2021-04-30,Debt Held by the Public,22056055.1200568,19053619,21018952,16809092,15761155,14673429,1,2021,3,2021,2,04,30
2021-04-30,Intragovernmental Holdings,6118659.17938531,5920553,5926439,5910309,5754904,5571471,2,2021,3,2021,2,04,30
2021-04-30,Total Public Debt Outstanding,28174714.2994421,24974172,26945391,22719402,21516058,20244900,3,2021,3,2021,2,04,30
2021-03-31,Debt Held by the Public,21986939.4927462,17674771,21018952,16809092,15761155,14673429,1,2021,2,2021,1,03,31
2021-03-31,Intragovernmental Holdings,6145631.55435512,6012100,5926439,5910309,5754904,5571471,2,2021,2,2021,1,03,31
2021-03-31,Total Public Debt Outstanding,28132570.0471013,23686871,26945391,22719402,21516058,20244900,3,2021,2,2021,1,03,31
2021-02-28,Debt Held by the Public,21755736.8282859,17413050,21018952,16809092,15761155,14673429,1,2021,2,2021,1,02,28
2021-02-28,Intragovernmental Holdings,6146627.24933072,5996909,5926439,5910309,5754904,5571471,2,2021,2,2021,1,02,28
2021-02-28,Total Public Debt Outstanding,27902364.0776166,23409959,26945391,22719402,21516058,20244900,3,2021,2,2021,1,02,28
2021-01-31,Debt Held by the Public,21643914.7930982,17212635,21018952,16809092,15761155,14673429,1,2021,2,2021,1,01,31
2021-01-31,Intragovernmental Holdings,6140637.75627888,6011178,5926439,5910309,5754904,5571471,2,2021,2,2021,1,01,31
2021-01-31,Total Public Debt Outstanding,27784552.5493771,23223813,26945391,22719402,21516058,20244900,3,2021,2,2021,1,01,31
2020-12-31,Debt Held by the Public,21632418.9103295,17170442,21018952,16809092,15761155,14673429,1,2021,1,2020,4,12,31
2020-12-31,Intragovernmental Holdings,6115378.61090277,6030938,5926439,5910309,5754904,5571471,2,2021,1,2020,4,12,31
2020-12-31,Total Public Debt Outstanding,27747797.5212323,23201380,26945391,22719402,21516058,20244900,3,2021,1,2020,4,12,31
2020-11-30,Debt Held by the Public,21349471.5640539,17105421,21018952,16809092,15761155,14673429,1,2021,1,2020,4,11,30
2020-11-30,Intragovernmental Holdings,6096816.67040791,5970778,5926439,5910309,5754904,5571471,2,2021,1,2020,4,11,30
2020-11-30,Total Public Debt Outstanding,27446288.2344618,23076199,26945391,22719402,21516058,20244900,3,2021,1,2020,4,11,30
2020-10-31,Debt Held by the Public,21096974.6178687,16981311,21018952,16809092,15761155,14673429,1,2021,1,2020,4,10,31
2020-10-31,Intragovernmental Holdings,6038502.2159832,6027099,5926439,5910309,5754904,5571471,2,2021,1,2020,4,10,31
2020-10-31,Total Public Debt Outstanding,27135476.6588519,23008410,26945391,22719402,21516058,20244900,3,2021,1,2020,4,10,31
2020-09-30,Debt Held by the Public,21018952.0672818,16809092,16809092,15761155,14673429,14173424,1,2020,4,2020,3,09,30
2020-09-30,Intragovernmental Holdings,5926439.11422952,5910309,5910309,5754904,5571471,5400021,2,2020,4,2020,3,09,30
2020-09-30,Total Public Debt Outstanding,26945391.1815114,22719402,22719402,21516058,20244900,19573445,3,2020,4,2020,3,09,30
2020-08-31,Debt Held by the Public,20822038.3899034,16596816,16809092,15761155,14673429,14173424,1,2020,4,2020,3,08,31
2020-08-31,Intragovernmental Holdings,5906797.45660238,5863651,5910309,5754904,5571471,5400021,2,2020,4,2020,3,08,31
2020-08-31,Total Public Debt Outstanding,26728835.8465058,22460467,22719402,21516058,20244900,19573445,3,2020,4,2020,3,08,31
2020-07-31,Debt Held by the Public,20634400.3299008,16211185,16809092,15761155,14673429,14173424,1,2020,4,2020,3,07,31
2020-07-31,Total Public Debt Outstanding,26524952.9146055,22022369,22719402,21516058,20244900,19573445,3,2020,4,2020,3,07,31
2020-07-31,Intragovernmental Holdings,5890553.58470464,5811184,5910309,5754904,5571471,5400021,2,2020,4,2020,3,07,31
2020-06-30,Debt Held by the Public,20530277.7469967,16188422,16809092,15761155,14673429,14173424,1,2020,3,2020,2,06,30
2020-06-30,Intragovernmental Holdings,5946962.87943796,5834861,5910309,5754904,5571471,5400021,2,2020,3,2020,2,06,30
2020-06-30,Total Public Debt Outstanding,26477240.6264346,22023283,22719402,21516058,20244900,19573445,3,2020,3,2020,2,06,30
2020-05-31,Debt Held by the Public,19812781.9674768,16202283,16809092,15761155,14673429,14173424,1,2020,3,2020,2,05,31
2020-05-31,Intragovernmental Holdings,5933479.39972745,5824141,5910309,5754904,5571471,5400021,2,2020,3,2020,2,05,31
2020-05-31,Total Public Debt Outstanding,25746260.3672043,22026424,22719402,21516058,20244900,19573445,3,2020,3,2020,2,05,31
2020-04-30,Debt Held by the Public,19053618.9149022,16192789,16809092,15761155,14673429,14173424,1,2020,3,2020,2,04,30
2020-04-30,Intragovernmental Holdings,5920552.95345191,5834879,5910309,5754904,5571471,5400021,2,2020,3,2020,2,04,30
2020-04-30,Total Public Debt Outstanding,24974171.8683541,22027668,22719402,21516058,20244900,19573445,3,2020,3,2020,2,04,30
2020-03-31,Intragovernmental Holdings,6012100.16789532,5823488,5910309,5754904,5571471,5400021,2,2020,2,2020,1,03,31
2020-03-31,Total Public Debt Outstanding,23686871.0003485,22027880,22719402,21516058,20244900,19573445,3,2020,2,2020,1,03,31
2020-03-31,Debt Held by the Public,17674770.8324532,16204392,16809092,15761155,14673429,14173424,1,2020,2,2020,1,03,31
2020-02-29,Debt Held by the Public,17413050.1674093,16250898,16809092,15761155,14673429,14173424,1,2020,2,2020,1,02,29
2020-02-29,Intragovernmental Holdings,5996908.88290133,5864628,5910309,5754904,5571471,5400021,2,2020,2,2020,1,02,29
2020-02-29,Total Public Debt Outstanding,23409959.0503106,22115526,22719402,21516058,20244900,19573445,3,2020,2,2020,1,02,29
2020-01-31,Total Public Debt Outstanding,23223812.9056474,21982423,22719402,21516058,20244900,19573445,3,2020,2,2020,1,01,31
2020-01-31,Intragovernmental Holdings,6011178.11082711,5881196,5910309,5754904,5571471,5400021,2,2020,2,2020,1,01,31
2020-01-31,Debt Held by the Public,17212634.7948203,16101227,16809092,15761155,14673429,14173424,1,2020,2,2020,1,01,31
2019-12-31,Intragovernmental Holdings,6030937.64717518,5872429,5910309,5754904,5571471,5400021,2,2020,1,2019,4,12,31
2019-12-31,Debt Held by the Public,17170441.5200595,16101667,16809092,15761155,14673429,14173424,1,2020,1,2019,4,12,31
2019-12-31,Total Public Debt Outstanding,23201380.1672346,21974096,22719402,21516058,20244900,19573445,3,2020,1,2019,4,12,31
2019-11-30,Intragovernmental Holdings,5970777.6147715,5805776,5910309,5754904,5571471,5400021,2,2020,1,2019,4,11,30
2019-11-30,Debt Held by the Public,17105420.786741,16044318,16809092,15761155,14673429,14173424,1,2020,1,2019,4,11,30
2019-11-30,Total Public Debt Outstanding,23076199.4015125,21850094,22719402,21516058,20244900,19573445,3,2020,1,2019,4,11,30
2019-10-31,Debt Held by the Public,16981310.6052294,15843329,16809092,15761155,14673429,14173424,1,2020,1,2019,4,10,31
2019-10-31,Total Public Debt Outstanding,23008410.254357,21702370,22719402,21516058,20244900,19573445,3,2020,1,2019,4,10,31
2019-10-31,Intragovernmental Holdings,6027098.6491275,5859040,5910309,5754904,5571471,5400021,2,2020,1,2019,4,10,31
2019-09-30,Debt Held by the Public,16809092.3347931,15761155,15761155,14673429,14173424,13123847,1,2019,4,2019,3,09,30
2019-09-30,Intragovernmental Holdings,5910309.00036225,5754904,5754904,5571471,5400021,5026770,2,2019,4,2019,3,09,30
2019-09-30,Total Public Debt Outstanding,22719402.3351553,21516058,21516058,20244900,19573445,18150618,3,2019,4,2019,3,09,30
2019-08-31,Intragovernmental Holdings,5863651.03569163,5673461,5754904,5571471,5400021,5026770,2,2019,4,2019,3,08,31
2019-08-31,Debt Held by the Public,16596815.6377604,15785389,15761155,14673429,14173424,13123847,1,2019,4,2019,3,08,31
2019-08-31,Total Public Debt Outstanding,22460466.673452,21458850,21516058,20244900,19573445,18150618,3,2019,4,2019,3,08,31
2019-07-31,Intragovernmental Holdings,5811184.31629675,5743568,5754904,5571471,5400021,5026770,2,2019,4,2019,3,07,31
2019-07-31,Total Public Debt Outstanding,22022369.3337001,21313061,21516058,20244900,19573445,18150618,3,2019,4,2019,3,07,31
2019-07-31,Debt Held by the Public,16211185.0174034,15569493,15761155,14673429,14173424,13123847,1,2019,4,2019,3,07,31
2019-06-30,Total Public Debt Outstanding,22023282.644851,21195070,21516058,20244900,19573445,18150618,3,2019,3,2019,2,06,30
2019-06-30,Intragovernmental Holdings,5834860.57064074,5728505,5754904,5571471,5400021,5026770,2,2019,3,2019,2,06,30
2019-06-30,Debt Held by the Public,16188422.0742102,15466564,15761155,14673429,14173424,13123847,1,2019,3,2019,2,06,30
2019-05-31,Total Public Debt Outstanding,22026424.4362422,21145215,21516058,20244900,19573445,18150618,3,2019,3,2019,2,05,31
2019-05-31,Intragovernmental Holdings,5824141.10018717,5718302,5754904,5571471,5400021,5026770,2,2019,3,2019,2,05,31
2019-05-31,Debt Held by the Public,16202283.336055,15426913,15761155,14673429,14173424,13123847,1,2019,3,2019,2,05,31
2019-04-30,Debt Held by the Public,16192789.3896916,15335128,15761155,14673429,14173424,13123847,1,2019,3,2019,2,04,30
2019-04-30,Intragovernmental Holdings,5834879.36904486,5733072,5754904,5571471,5400021,5026770,2,2019,3,2019,2,04,30
2019-04-30,Total Public Debt Outstanding,22027667.7587365,21068200,21516058,20244900,19573445,18150618,3,2019,3,2019,2,04,30
2019-03-31,Intragovernmental Holdings,5823487.60703242,5661633,5754904,5571471,5400021,5026770,2,2019,2,2019,1,03,31
2019-03-31,Total Public Debt Outstanding,22027879.6191869,21089643,21516058,20244900,19573445,18150618,3,2019,2,2019,1,03,31
2019-03-31,Debt Held by the Public,16204392.0121545,15428010,15761155,14673429,14173424,13123847,1,2019,2,2019,1,03,31
2019-02-28,Total Public Debt Outstanding,22115526.4456,20855672,21516058,20244900,19573445,18150618,3,2019,2,2019,1,02,28
2019-02-28,Debt Held by the Public,16250898.0447292,15150589,15761155,14673429,14173424,13123847,1,2019,2,2019,1,02,28
2019-02-28,Intragovernmental Holdings,5864628.40087073,5705082,5754904,5571471,5400021,5026770,2,2019,2,2019,1,02,28
2019-01-31,Debt Held by the Public,16101226.7883921,14803170,15761155,14673429,14173424,13123847,1,2019,2,2019,1,01,31
2019-01-31,Total Public Debt Outstanding,21982423.0329794,20493730,21516058,20244900,19573445,18150618,3,2019,2,2019,1,01,31
2019-01-31,Intragovernmental Holdings,5881196.24458736,5690560,5754904,5571471,5400021,5026770,2,2019,2,2019,1,01,31
2018-12-31,Intragovernmental Holdings,5872429.20530887,5678025,5571471,5400021,5026770,5039100,2,2019,1,2018,4,12,31
2018-12-31,Total Public Debt Outstanding,21974095.7326802,20492747,20244900,19573445,18150618,17824071,3,2019,1,2018,4,12,31
2018-12-31,Debt Held by the Public,16101666.5273713,14814721,14673429,14173424,13123847,12784971,1,2019,1,2018,4,12,31
2018-11-30,Total Public Debt Outstanding,21850093.8774447,20590392,20244900,19573445,18150618,17824071,3,2019,1,2018,4,11,30
2018-11-30,Debt Held by the Public,16044318.1919477,14918736,14673429,14173424,13123847,12784971,1,2019,1,2018,4,11,30
2018-11-30,Intragovernmental Holdings,5805775.68549699,5671656,5571471,5400021,5026770,5039100,2,2019,1,2018,4,11,30
2018-10-31,Intragovernmental Holdings,5859040.45758448,5691027,5571471,5400021,5026770,5039100,2,2019,1,2018,4,10,31
2018-10-31,Debt Held by the Public,15843329.2983341,14751446,14673429,14173424,13123847,12784971,1,2019,1,2018,4,10,31
2018-10-31,Total Public Debt Outstanding,21702369.7559186,20442474,20244900,19573445,18150618,17824071,3,2019,1,2018,4,10,31
2018-09-30,Debt Held by the Public,15761154.5218339,14673429,14673429,14173424,13123847,12784971,1,2018,4,2018,3,09,30
2018-09-30,Total Public Debt Outstanding,21516057.5791321,20244900,20244900,19573445,18150618,17824071,3,2018,4,2018,3,09,30
2018-09-30,Intragovernmental Holdings,5754904.15557523,5571471,5571471,5400021,5026770,5039100,2,2018,4,2018,3,09,30
2018-08-31,Intragovernmental Holdings,5673460.53171284,5462971,5571471,5400021,5026770,5039100,2,2018,4,2018,3,08,31
2018-08-31,Debt Held by the Public,15785389.1627757,14381562,14673429,14173424,13123847,12784971,1,2018,4,2018,3,08,31
2018-08-31,Total Public Debt Outstanding,21458849.6944885,19844533,20244900,19573445,18150618,17824071,3,2018,4,2018,3,08,31
2018-07-31,Intragovernmental Holdings,5743567.93481129,5483965,5571471,5400021,5026770,5039100,2,2018,4,2018,3,07,31
2018-07-31,Debt Held by the Public,15569493.1191567,14360944,14673429,14173424,13123847,12784971,1,2018,4,2018,3,07,31
2018-07-31,Total Public Debt Outstanding,21313061.053968,19844909,20244900,19573445,18150618,17824071,3,2018,4,2018,3,07,31
2018-06-30,Debt Held by the Public,15466564.2305851,14366186,14673429,14173424,13123847,12784971,1,2018,3,2018,2,06,30
2018-06-30,Total Public Debt Outstanding,21195069.747257,19844554,20244900,19573445,18150618,17824071,3,2018,3,2018,2,06,30
2018-06-30,Intragovernmental Holdings,5728504.51667193,5478368,5571471,5400021,5026770,5039100,2,2018,3,2018,2,06,30
2018-05-31,Total Public Debt Outstanding,21145215.1766987,19845942,20244900,19573445,18150618,17824071,3,2018,3,2018,2,05,31
2018-05-31,Intragovernmental Holdings,5718301.75125452,5546965,5571471,5400021,5026770,5039100,2,2018,3,2018,2,05,31
2018-05-31,Debt Held by the Public,15426913.4254442,14298976,14673429,14173424,13123847,12784971,1,2018,3,2018,2,05,31
2018-04-30,Debt Held by the Public,15335128.3684948,14293345,14673429,14173424,13123847,12784971,1,2018,3,2018,2,04,30
2018-04-30,Intragovernmental Holdings,5733072.08959186,5552785,5571471,5400021,5026770,5039100,2,2018,3,2018,2,04,30
2018-04-30,Total Public Debt Outstanding,21068200.4580866,19846129,20244900,19573445,18150618,17824071,3,2018,3,2018,2,04,30
2018-03-31,Debt Held by the Public,15428009.9066214,14369682,14673429,14173424,13123847,12784971,1,2018,2,2018,1,03,31
2018-03-31,Total Public Debt Outstanding,21089642.8152984,19846420,20244900,19573445,18150618,17824071,3,2018,2,2018,1,03,31
2018-03-31,Intragovernmental Holdings,5661632.90867702,5476738,5571471,5400021,5026770,5039100,2,2018,2,2018,1,03,31
2018-02-28,Debt Held by the Public,15150589.0924685,14411381,14673429,14173424,13123847,12784971,1,2018,2,2018,1,02,28
2018-02-28,Intragovernmental Holdings,5705082.30223459,5548213,5571471,5400021,5026770,5039100,2,2018,2,2018,1,02,28
2018-02-28,Total Public Debt Outstanding,20855672.3947031,19959594,20244900,19573445,18150618,17824071,3,2018,2,2018,1,02,28
2018-01-31,Total Public Debt Outstanding,20493729.7761562,19937261,20244900,19573445,18150618,17824071,3,2018,2,2018,1,01,31
2018-01-31,Intragovernmental Holdings,5690560.18908585,5561123,5571471,5400021,5026770,5039100,2,2018,2,2018,1,01,31
2018-01-31,Debt Held by the Public,14803169.5870704,14376139,14673429,14173424,13123847,12784971,1,2018,2,2018,1,01,31
2017-12-31,Debt Held by the Public,14814720.9625454,14434842,14673429,14173424,13123847,12784971,1,2018,1,2017,4,12,31
2017-12-31,Intragovernmental Holdings,5678025.41838998,5541985,5571471,5400021,5026770,5039100,2,2018,1,2017,4,12,31
2017-12-31,Total Public Debt Outstanding,20492747.3809354,19976827,20244900,19573445,18150618,17824071,3,2018,1,2017,4,12,31
2017-11-30,Total Public Debt Outstanding,20590391.7868641,19948065,20244900,19573445,18150618,17824071,3,2018,1,2017,4,11,30
2017-11-30,Debt Held by the Public,14918735.6423589,14443700,14673429,14173424,13123847,12784971,1,2018,1,2017,4,11,30
2017-11-30,Intragovernmental Holdings,5671656.14450528,5504365,5571471,5400021,5026770,5039100,2,2018,1,2017,4,11,30
2017-10-31,Debt Held by the Public,14751446.0903162,14286501,14673429,14173424,13123847,12784971,1,2018,1,2017,4,10,31
2017-10-31,Intragovernmental Holdings,5691027.4530893,5519215,5571471,5400021,5026770,5039100,2,2018,1,2017,4,10,31
2017-10-31,Total Public Debt Outstanding,20442473.5434055,19805715,20244900,19573445,18150618,17824071,3,2018,1,2017,4,10,31
2017-09-30,Total Public Debt Outstanding,20244899.9211354,19573445,19573445,18150618,17824071,16738184,3,2017,4,2017,3,09,30
2017-09-30,Debt Held by the Public,14673428.5682228,14173424,14173424,13123847,12784971,11976279,1,2017,4,2017,3,09,30
2017-09-30,Intragovernmental Holdings,5571471.35291257,5400021,5400021,5026770,5039100,4761904,2,2017,4,2017,3,09,30
2017-08-31,Debt Held by the Public,14381562.0058697,14104114,14173424,13123847,12784971,11976279,1,2017,4,2017,3,08,31
2017-08-31,Intragovernmental Holdings,5462971.44642715,5406183,5400021,5026770,5039100,4761904,2,2017,4,2017,3,08,31
2017-08-31,Total Public Debt Outstanding,19844533.4522969,19510296,19573445,18150618,17824071,16738184,3,2017,4,2017,3,08,31
2017-07-31,Intragovernmental Holdings,5483964.55252737,5429475,5400021,5026770,5039100,4761904,2,2017,4,2017,3,07,31
2017-07-31,Debt Held by the Public,14360944.4961994,13998220,14173424,13123847,12784971,11976279,1,2017,4,2017,3,07,31
2017-07-31,Total Public Debt Outstanding,19844909.0487267,19427695,19573445,18150618,17824071,16738184,3,2017,4,2017,3,07,31
2017-06-30,Debt Held by the Public,14366186.3471828,13932743,14173424,13123847,12784971,11976279,1,2017,3,2017,2,06,30
2017-06-30,Intragovernmental Holdings,5478367.83808563,5448848,5400021,5026770,5039100,4761904,2,2017,3,2017,2,06,30
2017-06-30,Total Public Debt Outstanding,19844554.1852684,19381591,19573445,18150618,17824071,16738184,3,2017,3,2017,2,06,30
2017-05-31,Intragovernmental Holdings,5546965.42067308,5379149,5400021,5026770,5039100,4761904,2,2017,3,2017,2,05,31
2017-05-31,Debt Held by the Public,14298976.4950623,13886303,14173424,13123847,12784971,11976279,1,2017,3,2017,2,05,31
2017-05-31,Total Public Debt Outstanding,19845941.9157354,19265452,19573445,18150618,17824071,16738184,3,2017,3,2017,2,05,31
2017-04-30,Debt Held by the Public,14293344.6600289,13841195,14173424,13123847,12784971,11976279,1,2017,3,2017,2,04,30
2017-04-30,Total Public Debt Outstanding,19846129.191201,19187387,19573445,18150618,17824071,16738184,3,2017,3,2017,2,04,30
2017-04-30,Intragovernmental Holdings,5552784.53117211,5346193,5400021,5026770,5039100,4761904,2,2017,3,2017,2,04,30
2017-03-31,Debt Held by the Public,14369681.9369432,13924878,14173424,13123847,12784971,11976279,1,2017,2,2017,1,03,31
2017-03-31,Total Public Debt Outstanding,19846420.0503171,19264939,19573445,18150618,17824071,16738184,3,2017,2,2017,1,03,31
2017-03-31,Intragovernmental Holdings,5476738.11337396,5340061,5400021,5026770,5039100,4761904,2,2017,2,2017,1,03,31
2017-02-28,Debt Held by the Public,14411380.9847071,13785189,14173424,13123847,12784971,11976279,1,2017,2,2017,1,02,28
2017-02-28,Intragovernmental Holdings,5548212.66615304,5340266,5400021,5026770,5039100,4761904,2,2017,2,2017,1,02,28
2017-02-28,Total Public Debt Outstanding,19959593.6508601,19125455,19573445,18150618,17824071,16738184,3,2017,2,2017,1,02,28
2017-01-31,Intragovernmental Holdings,5561122.51096848,5355673,5400021,5026770,5039100,4761904,2,2017,2,2017,1,01,31
2017-01-31,Debt Held by the Public,14376138.8020289,13657155,14173424,13123847,12784971,11976279,1,2017,2,2017,1,01,31
2017-01-31,Total Public Debt Outstanding,19937261.3129974,19012828,19573445,18150618,17824071,16738184,3,2017,2,2017,1,01,31
2016-12-31,Intragovernmental Holdings,5541985.43011943,5249657,5400021,5026770,5039100,4761904,2,2017,1,2016,4,12,31
2016-12-31,Total Public Debt Outstanding,19976826.7204312,18922179,19573445,18150618,17824071,16738184,3,2017,1,2016,4,12,31
2016-12-31,Debt Held by the Public,14434842.2903118,13672522,14173424,13123847,12784971,11976279,1,2017,1,2016,4,12,31
2016-11-30,Debt Held by the Public,14443700.1497031,13588989,14173424,13123847,12784971,11976279,1,2017,1,2016,4,11,30
2016-11-30,Total Public Debt Outstanding,19948064.6990906,18827323,19573445,18150618,17824071,16738184,3,2017,1,2016,4,11,30
2016-11-30,Intragovernmental Holdings,5504364.54938756,5238334,5400021,5026770,5039100,4761904,2,2017,1,2016,4,11,30
2016-10-31,Debt Held by the Public,14286500.546096,13060657,14173424,13123847,12784971,11976279,1,2017,1,2016,4,10,31
2016-10-31,Total Public Debt Outstanding,19805715.2223472,18152982,19573445,18150618,17824071,16738184,3,2017,1,2016,4,10,31
2016-10-31,Intragovernmental Holdings,5519214.67625118,5092325,5400021,5026770,5039100,4761904,2,2017,1,2016,4,10,31
2016-09-30,Intragovernmental Holdings,5400021.47248611,5026770,5026770,5039100,4761904,4796656,2,2016,4,2016,3,09,30
2016-09-30,Total Public Debt Outstanding,19573444.6263843,18150618,18150618,17824071,16738184,16066242,3,2016,4,2016,3,09,30
2016-09-30,Debt Held by the Public,14173424.1538981,13123847,13123847,12784971,11976279,11269586,1,2016,4,2016,3,09,30
2016-08-31,Total Public Debt Outstanding,19510295.8271402,18151150,18150618,17824071,16738184,16066242,3,2016,4,2016,3,08,31
2016-08-31,Intragovernmental Holdings,5406182.80186655,5031397,5026770,5039100,4761904,4796656,2,2016,4,2016,3,08,31
2016-08-31,Debt Held by the Public,14104114.0252737,13119753,13123847,12784971,11976279,11269586,1,2016,4,2016,3,08,31
2016-07-31,Intragovernmental Holdings,5429474.74095524,5016278,5026770,5039100,4761904,4796656,2,2016,4,2016,3,07,31
2016-07-31,Debt Held by the Public,13998219.6131726,13135045,13123847,12784971,11976279,11269586,1,2016,4,2016,3,07,31
2016-07-31,Total Public Debt Outstanding,19427695.3541278,18151323,18150618,17824071,16738184,16066242,3,2016,4,2016,3,07,31
2016-06-30,Total Public Debt Outstanding,19381591.1404754,18151998,18150618,17824071,16738184,16066242,3,2016,3,2016,2,06,30
2016-06-30,Debt Held by the Public,13932742.7142236,13076414,13123847,12784971,11976279,11269586,1,2016,3,2016,2,06,30
2016-06-30,Intragovernmental Holdings,5448848.42725179,5075583,5026770,5039100,4761904,4796656,2,2016,3,2016,2,06,30
2016-05-31,Debt Held by the Public,13886302.6438893,13052706,13123847,12784971,11976279,11269586,1,2016,3,2016,2,05,31
2016-05-31,Total Public Debt Outstanding,19265451.5768533,18152852,18150618,17824071,16738184,16066242,3,2016,3,2016,2,05,31
2016-05-31,Intragovernmental Holdings,5379148.93296407,5100145,5026770,5039100,4761904,4796656,2,2016,3,2016,2,05,31
2016-04-30,Intragovernmental Holdings,5346192.75068434,5098879,5026770,5039100,4761904,4796656,2,2016,3,2016,2,04,30
2016-04-30,Debt Held by the Public,13841194.7502989,13053681,13123847,12784971,11976279,11269586,1,2016,3,2016,2,04,30
2016-04-30,Total Public Debt Outstanding,19187386.5009832,18152560,18150618,17824071,16738184,16066242,3,2016,3,2016,2,04,30
2016-03-31,Total Public Debt Outstanding,19264938.6340109,18152056,18150618,17824071,16738184,16066242,3,2016,2,2016,1,03,31
2016-03-31,Debt Held by the Public,13924877.6533246,13090399,13123847,12784971,11976279,11269586,1,2016,2,2016,1,03,31
2016-03-31,Intragovernmental Holdings,5340060.98068625,5061657,5026770,5039100,4761904,4796656,2,2016,2,2016,1,03,31
2016-02-29,Intragovernmental Holdings,5340266.00707563,5081818,5026770,5039100,4761904,4796656,2,2016,2,2016,1,02,29
2016-02-29,Total Public Debt Outstanding,19125455.2368606,18155854,18150618,17824071,16738184,16066242,3,2016,2,2016,1,02,29
2016-02-29,Debt Held by the Public,13785189.2275711,13074036,13123847,12784971,11976279,11269586,1,2016,2,2016,1,02,29
2016-01-31,Debt Held by the Public,13657155.193714,12984930,13123847,12784971,11976279,11269586,1,2016,2,2016,1,01,31
2016-01-31,Intragovernmental Holdings,5355672.5002814,5097364,5026770,5039100,4761904,4796656,2,2016,2,2016,1,01,31
2016-01-31,Total Public Debt Outstanding,19012827.7593363,18082294,18150618,17824071,16738184,16066242,3,2016,2,2016,1,01,31
2015-12-31,Intragovernmental Holdings,5249656.73725891,5117493,5026770,5039100,4761904,4796656,2,2016,1,2015,4,12,31
2015-12-31,Total Public Debt Outstanding,18922178.9983102,18141444,18150618,17824071,16738184,16066242,3,2016,1,2015,4,12,31
2015-12-31,Debt Held by the Public,13672522.2613769,13023951,13123847,12784971,11976279,11269586,1,2016,1,2015,4,12,31
2015-11-30,Debt Held by the Public,13588989.3584866,12922682,13123847,12784971,11976279,11269586,1,2016,1,2015,4,11,30
2015-11-30,Intragovernmental Holdings,5238334.41885914,5082868,5026770,5039100,4761904,4796656,2,2016,1,2015,4,11,30
2015-11-30,Total Public Debt Outstanding,18827322.9773465,18005549,18150618,17824071,16738184,16066242,3,2016,1,2015,4,11,30
2015-10-31,Debt Held by the Public,13060656.8649675,12857056,13123847,12784971,11976279,11269586,1,2016,1,2015,4,10,31
2015-10-31,Total Public Debt Outstanding,18152981.6757475,17937160,18150618,17824071,16738184,16066242,3,2016,1,2015,4,10,31
2015-10-31,Intragovernmental Holdings,5092324.81077999,5080104,5026770,5039100,4761904,4796656,2,2016,1,2015,4,10,31
2015-09-30,Debt Held by the Public,13123847.1631286,12784971,12784971.0207477,11976279,11269586,10127031,1,2015,4,2015,3,09,30
2015-09-30,Intragovernmental Holdings,5026770.46813652,5039100,5039099.75852494,4761904,4796656,4663309,2,2015,4,2015,3,09,30
2015-09-30,Total Public Debt Outstanding,18150618.2891385,17824071,17824070.7792726,16738184,16066242,14790340,3,2015,4,2015,3,09,30
2015-08-31,Debt Held by the Public,13119752.7187876,12732612,12784971.0207477,11976279,11269586,10127031,1,2015,4,2015,3,08,31
2015-08-31,Intragovernmental Holdings,5031396.78593857,5016561,5039099.75852494,4761904,4796656,4663309,2,2015,4,2015,3,08,31
2015-08-31,Total Public Debt Outstanding,18151149.5047261,17749172,17824070.7792726,16738184,16066242,14790340,3,2015,4,2015,3,08,31
2015-07-31,Intragovernmental Holdings,5016277.62609025,5035659,5039099.75852494,4761904,4796656,4663309,2,2015,4,2015,3,07,31
2015-07-31,Debt Held by the Public,13135044.915571,12651478,12784971.0207477,11976279,11269586,10127031,1,2015,4,2015,3,07,31
2015-07-31,Total Public Debt Outstanding,18151322.5416612,17687137,17824070.7792726,16738184,16066242,14790340,3,2015,4,2015,3,07,31
2015-06-30,Intragovernmental Holdings,5075583.42108298,5060387,5039099.75852494,4761904,4796656,4663309,2,2015,3,2015,2,06,30
2015-06-30,Debt Held by the Public,13076413.9270945,12572220,12784971.0207477,11976279,11269586,10127031,1,2015,3,2015,2,06,30
2015-06-30,Total Public Debt Outstanding,18151998.1775224,17632606,17824070.7792726,16738184,16066242,14790340,3,2015,3,2015,2,06,30
2015-05-31,Intragovernmental Holdings,5100145.24058327,4978928,5039099.75852494,4761904,4796656,4663309,2,2015,3,2015,2,05,31
2015-05-31,Debt Held by the Public,13052706.3904355,12538030,12784971.0207477,11976279,11269586,10127031,1,2015,3,2015,2,05,31
2015-05-31,Total Public Debt Outstanding,18152851.8392692,17516958,17824070.7792726,16738184,16066242,14790340,3,2015,3,2015,2,05,31
2015-04-30,Debt Held by the Public,13053681.0296888,12503468,12784971.0207477,11976279,11269586,10127031,1,2015,3,2015,2,04,30
2015-04-30,Intragovernmental Holdings,5098878.50690384,5004969,5039099.75852494,4761904,4796656,4663309,2,2015,3,2015,2,04,30
2015-04-30,Total Public Debt Outstanding,18152559.9531056,17508437,17824070.7792726,16738184,16066242,14790340,3,2015,3,2015,2,04,30
2015-03-31,Debt Held by the Public,13090399.0753966,12619319,12784971.0207477,11976279,11269586,10127031,1,2015,2,2015,1,03,31
2015-03-31,Total Public Debt Outstanding,18152055.9154585,17601227,17824070.7792726,16738184,16066242,14790340,3,2015,2,2015,1,03,31
2015-03-31,Intragovernmental Holdings,5061657.4008765,4981908,5039099.75852494,4761904,4796656,4663309,2,2015,2,2015,1,03,31
2015-02-28,Debt Held by the Public,13074035.5844046,12492550,12784971.0207477,11976279,11269586,10127031,1,2015,2,2015,1,02,28
2015-02-28,Total Public Debt Outstanding,18155854.0643353,17463229,17824070.7792726,16738184,16066242,14790340,3,2015,2,2015,1,02,28
2015-02-28,Intragovernmental Holdings,5081818.47993209,4970679,5039099.75852494,4761904,4796656,4663309,2,2015,2,2015,1,02,28
2015-01-31,Debt Held by the Public,12984929.9597344,12308143,12784971.0207477,11976279,11269586,10127031,1,2015,2,2015,1,01,31
2015-01-31,Intragovernmental Holdings,5097364.32466373,4984877,5039099.75852494,4761904,4796656,4663309,2,2015,2,2015,1,01,31
2015-01-31,Total Public Debt Outstanding,18082294.1088857,17293020,17824070.7792726,16738184,16066242,14790340,3,2015,2,2015,1,01,31
2014-12-31,Total Public Debt Outstanding,18141443.9076374,17351971,17824070.7792726,16738184,16066242,14790340,3,2015,1,2014,4,12,31
2014-12-31,Intragovernmental Holdings,5117492.74511852,4996544,5039099.75852494,4761904,4796656,4663309,2,2015,1,2014,4,12,31
2014-12-31,Debt Held by the Public,13023951.1625189,12355427,12784971.0207477,11976279,11269586,10127031,1,2015,1,2014,4,12,31
2014-11-30,Total Public Debt Outstanding,18005549.394755,17217152,17824070.7792726,16738184,16066242,14790340,3,2015,1,2014,4,11,30
2014-11-30,Intragovernmental Holdings,5082868.36186838,4936025,5039099.75852494,4761904,4796656,4663309,2,2015,1,2014,4,11,30
2014-11-30,Debt Held by the Public,12922681.5072018,12281126,12784971.0207477,11976279,11269586,10127031,1,2015,1,2014,4,11,30
2014-10-31,Intragovernmental Holdings,5080104.42850374,4968747,5039099.75852494,4761904,4796656,4663309,2,2015,1,2014,4,10,31
2014-10-31,Total Public Debt Outstanding,17937160.4975291,17156117,17824070.7792726,16738184,16066242,14790340,3,2015,1,2014,4,10,31
2014-10-31,Debt Held by the Public,12857056.0690254,12187370,12784971.0207477,11976279,11269586,10127031,1,2015,1,2014,4,10,31
2014-09-30,Debt Held by the Public,12784971.0207477,11976279,11976279,11269586,10127031,9022808,1,2014,4,2014,3,09,30
2014-09-30,Intragovernmental Holdings,5039099.75852494,4761904,4761904,4796656,4663309,4538815,2,2014,4,2014,3,09,30
2014-09-30,Total Public Debt Outstanding,17824070.6228969,16738184,16738184,16066241,14790340,13561623,3,2014,4,2014,3,09,30
2014-08-31,Intragovernmental Holdings,5016561.37681559,4771636,4761904,4796656,4663309,4538815,2,2014,4,2014,3,08,31
2014-08-31,Debt Held by the Public,12732611.7819709,11967014,11976279,11269586,10127031,9022808,1,2014,4,2014,3,08,31
2014-08-31,Total Public Debt Outstanding,17749172.4302202,16738650,16738184,16066241,14790340,13561623,3,2014,4,2014,3,08,31
2014-07-31,Total Public Debt Outstanding,17687137.2663721,16738599,16738184,16066241,14790340,13561623,3,2014,4,2014,3,07,31
2014-07-31,Debt Held by the Public,12651478.1129883,11917023,11976279,11269586,10127031,9022808,1,2014,4,2014,3,07,31
2014-07-31,Intragovernmental Holdings,5035658.70747866,4821576,4761904,4796656,4663309,4538815,2,2014,4,2014,3,07,31
2014-06-30,Debt Held by the Public,12572219.6120096,11901292,11976279,11269586,10127031,9022808,1,2014,3,2014,2,06,30
2014-06-30,Intragovernmental Holdings,5060386.71946958,4837028,4761904,4796656,4663309,4538815,2,2014,3,2014,2,06,30
2014-06-30,Total Public Debt Outstanding,17632605.7721952,16738320,16738184,16066241,14790340,13561623,3,2014,3,2014,2,06,30
2014-05-31,Debt Held by the Public,12538030.3860958,11897151,11976279,11269586,10127031,9022808,1,2014,3,2014,2,05,31
2014-05-31,Total Public Debt Outstanding,17516958.4882238,16738822,16738184,16066241,14790340,13561623,3,2014,3,2014,2,05,31
2014-05-31,Intragovernmental Holdings,4978928.10212799,4841671,4761904,4796656,4663309,4538815,2,2014,3,2014,2,05,31
2014-04-30,Debt Held by the Public,12503468.3255174,11943148,11976279,11269586,10127031,9022808,1,2014,3,2014,2,04,30
2014-04-30,Intragovernmental Holdings,5004968.79214333,4885697,4761904,4796656,4663309,4538815,2,2014,3,2014,2,04,30
2014-04-30,Total Public Debt Outstanding,17508437.1176607,16828845,16738184,16066241,14790340,13561623,3,2014,3,2014,2,04,30
2014-03-31,Total Public Debt Outstanding,17601227.2242115,16771379,16738184,16066241,14790340,13561623,3,2014,2,2014,1,03,31
2014-03-31,Intragovernmental Holdings,4981908.44039789,4854491,4761904,4796656,4663309,4538815,2,2014,2,2014,1,03,31
2014-03-31,Debt Held by the Public,12619318.8950789,11916888,11976279,11269586,10127031,9022808,1,2014,2,2014,1,03,31
2014-02-28,Debt Held by the Public,12492549.8605683,11822436,11976279,11269586,10127031,9022808,1,2014,2,2014,1,02,28
2014-02-28,Intragovernmental Holdings,4970678.74665121,4864853,4761904,4796656,4663309,4538815,2,2014,2,2014,1,02,28
2014-02-28,Total Public Debt Outstanding,17463228.5135983,16687289,16738184,16066241,14790340,13561623,3,2014,2,2014,1,02,28
2014-01-31,Total Public Debt Outstanding,17293019.5572857,16433792,16738184,16066241,14790340,13561623,3,2014,2,2014,1,01,31
2014-01-31,Intragovernmental Holdings,4984876.53495113,4873616,4761904,4796656,4663309,4538815,2,2014,2,2014,1,01,31
2014-01-31,Debt Held by the Public,12308143.1887357,11560176,11976279,11269586,10127031,9022808,1,2014,2,2014,1,01,31
2013-12-31,Debt Held by the Public,12355426.8626055,11581518,11976279,11269586,10127031,9022808,1,2014,1,2013,4,12,31
2013-12-31,Intragovernmental Holdings,4996544.16464242,4851213,4761904,4796656,4663309,4538815,2,2014,1,2013,4,12,31
2013-12-31,Total Public Debt Outstanding,17351971.027248,16432730,16738184,16066241,14790340,13561623,3,2014,1,2013,4,12,31
2013-11-30,Intragovernmental Holdings,4936025.23096393,4816348,4761904,4796656,4663309,4538815,2,2014,1,2013,4,11,30
2013-11-30,Total Public Debt Outstanding,17217151.9947141,16369549,16738184,16066241,14790340,13561623,3,2014,1,2013,4,11,30
2013-11-30,Debt Held by the Public,12281126.1798369,11553201,11976279,11269586,10127031,9022808,1,2014,1,2013,4,11,30
2013-10-31,Intragovernmental Holdings,4968747.21198905,4849872,4761904,4796656,4663309,4538815,2,2014,1,2013,4,10,31
2013-10-31,Debt Held by the Public,12187369.7360433,11411598,11976279,11269586,10127031,9022808,1,2014,1,2013,4,10,31
2013-10-31,Total Public Debt Outstanding,17156116.9480323,16261471,16738184,16066241,14790340,13561623,3,2014,1,2013,4,10,31
2013-09-30,Debt Held by the Public,11976279.2136158,11269586,11269586,10127031,9022808,7551862,1,2013,4,2013,3,09,30
2013-09-30,Intragovernmental Holdings,4761904.32767822,4796656,4796656,4663309,4538815,4357967,2,2013,4,2013,3,09,30
2013-09-30,Total Public Debt Outstanding,16738183.5412941,16066241,16066241,14790340,13561623,11909829,3,2013,4,2013,3,09,30
2013-08-31,Total Public Debt Outstanding,16738649.7096277,16015770,16066241,14790340,13561623,11909829,3,2013,4,2013,3,08,31
2013-08-31,Debt Held by the Public,11967013.9489215,11272626,11269586,10127031,9022808,7551862,1,2013,4,2013,3,08,31
2013-08-31,Intragovernmental Holdings,4771635.76070612,4743144,4796656,4663309,4538815,4357967,2,2013,4,2013,3,08,31
2013-07-31,Debt Held by the Public,11917023.1753148,11122282,11269586,10127031,9022808,7551862,1,2013,4,2013,3,07,31
2013-07-31,Total Public Debt Outstanding,16738599.1909417,15933235,16066241,14790340,13561623,11909829,3,2013,4,2013,3,07,31
2013-07-31,Intragovernmental Holdings,4821576.01562681,4810953,4796656,4663309,4538815,4357967,2,2013,4,2013,3,07,31
2013-06-30,Debt Held by the Public,11901292.1252601,11044185,11269586,10127031,9022808,7551862,1,2013,3,2013,2,06,30
2013-06-30,Intragovernmental Holdings,4837027.93555179,4810852,4796656,4663309,4538815,4357967,2,2013,3,2013,2,06,30
2013-06-30,Total Public Debt Outstanding,16738320.0608119,15855037,16066241,14790340,13561623,11909829,3,2013,3,2013,2,06,30
2013-05-31,Debt Held by the Public,11897150.678677,11006251,11269586,10127031,9022808,7551862,1,2013,3,2013,2,05,31
2013-05-31,Intragovernmental Holdings,4841670.50137834,4764434,4796656,4663309,4538815,4357967,2,2013,3,2013,2,05,31
2013-05-31,Total Public Debt Outstanding,16738822.1800554,15770685,16066241,14790340,13561623,11909829,3,2013,3,2013,2,05,31
2013-04-30,Total Public Debt Outstanding,16828844.6292435,15692368,16066241,14790340,13561623,11909829,3,2013,3,2013,2,04,30
2013-04-30,Debt Held by the Public,11943148.3023001,10916071,11269586,10127031,9022808,7551862,1,2013,3,2013,2,04,30
2013-04-30,Intragovernmental Holdings,4885697.32694345,4776297,4796656,4663309,4538815,4357967,2,2013,3,2013,2,04,30
2013-03-31,Debt Held by the Public,11916887.840464,10846825,11269586,10127031,9022808,7551862,1,2013,2,2013,1,03,31
2013-03-31,Intragovernmental Holdings,4854491.19133307,4735254,4796656,4663309,4538815,4357967,2,2013,2,2013,1,03,31
2013-03-31,Total Public Debt Outstanding,16771379.0317971,15582079,16066241,14790340,13561623,11909829,3,2013,2,2013,1,03,31
2013-02-28,Debt Held by the Public,11822436.0645067,10722996,11269586,10127031,9022808,7551862,1,2013,2,2013,1,02,28
2013-02-28,Intragovernmental Holdings,4864852.54250839,4765895,4796656,4663309,4538815,4357967,2,2013,2,2013,1,02,28
2013-02-28,Total Public Debt Outstanding,16687288.6070151,15488891,16066241,14790340,13561623,11909829,3,2013,2,2013,1,02,28
2013-01-31,Total Public Debt Outstanding,16433791.820107,15356140,16066241,14790340,13561623,11909829,3,2013,2,2013,1,01,31
2013-01-31,Debt Held by the Public,11560176.3640381,10572374,11269586,10127031,9022808,7551862,1,2013,2,2013,1,01,31
2013-01-31,Intragovernmental Holdings,4873616.45606889,4783766,4796656,4663309,4538815,4357967,2,2013,2,2013,1,01,31
2012-12-31,Total Public Debt Outstanding,16432730.0242953,15222940,16066241,14790340,13561623,11909829,3,2013,1,2012,4,12,31
2012-12-31,Intragovernmental Holdings,4851212.55699793,4775277,4796656,4663309,4538815,4357967,2,2013,1,2012,4,12,31
2012-12-31,Debt Held by the Public,11581518.4672974,10447663,11269586,10127031,9022808,7551862,1,2013,1,2012,4,12,31
2012-11-30,Debt Held by the Public,11553201.4282755,10389958,11269586,10127031,9022808,7551862,1,2013,1,2012,4,11,30
2012-11-30,Total Public Debt Outstanding,16369549.1349824,15110499,16066241,14790340,13561623,11909829,3,2013,1,2012,4,11,30
2012-11-30,Intragovernmental Holdings,4816347.70670691,4720541,4796656,4663309,4538815,4357967,2,2013,1,2012,4,11,30
2012-10-31,Intragovernmental Holdings,4849871.8501331,4737694,4796656,4663309,4538815,4357967,2,2013,1,2012,4,10,31
2012-10-31,Debt Held by the Public,11411597.8783411,10256015,11269586,10127031,9022808,7551862,1,2013,1,2012,4,10,31
2012-10-31,Total Public Debt Outstanding,16261470.7284742,14993709,16066241,14790340,13561623,11909829,3,2013,1,2012,4,10,31
2012-09-30,Debt Held by the Public,11269585.7125756,10127031,10127031,9022808,7551862,5808692,1,2012,4,2012,3,09,30
2012-09-30,Total Public Debt Outstanding,16066240.9199129,14790340,14790340,13561623,11909829,10024725,3,2012,4,2012,3,09,30
2012-09-30,Intragovernmental Holdings,4796656.20733732,4663309,4663309,4538815,4357967,4216033,2,2012,4,2012,3,09,30
2012-08-31,Intragovernmental Holdings,4743144.28935734,4660040,4663309,4538815,4357967,4216033,2,2012,4,2012,3,08,31
2012-08-31,Debt Held by the Public,11272625.5059075,10024253,10127031,9022808,7551862,5808692,1,2012,4,2012,3,08,31
2012-08-31,Total Public Debt Outstanding,16015769.7952648,14684293,14790340,13561623,11909829,10024725,3,2012,4,2012,3,08,31
2012-07-31,Intragovernmental Holdings,4810952.56032445,4586574,4663309,4538815,4357967,4216033,2,2012,4,2012,3,07,31
2012-07-31,Total Public Debt Outstanding,15933235.0153479,14342370,14790340,13561623,11909829,10024725,3,2012,4,2012,3,07,31
2012-07-31,Debt Held by the Public,11122282.4550235,9755796,10127031,9022808,7551862,5808692,1,2012,4,2012,3,07,31
2012-06-30,Debt Held by the Public,11044184.8280896,9742223.25,10127031,9022808,7551862,5808692,1,2012,3,2012,2,06,30
2012-06-30,Total Public Debt Outstanding,15856366.5666322,14343087.5,14790340,13561623,11909829,10024725,3,2012,3,2012,2,06,30
2012-06-30,Intragovernmental Holdings,4812181.73854259,4600864.25,4663309,4538815,4357967,4216033,2,2012,3,2012,2,06,30
2012-05-31,Debt Held by the Public,11006251.4465862,9723456,10127031,9022808,7551862,5808692,1,2012,3,2012,2,05,31
2012-05-31,Total Public Debt Outstanding,15770685.4927196,14344668,14790340,13561623,11909829,10024725,3,2012,3,2012,2,05,31
2012-05-31,Intragovernmental Holdings,4764434.33613334,4621212,4663309,4538815,4357967,4216033,2,2012,3,2012,2,05,31
2012-04-30,Debt Held by the Public,10916070.9176712,9654950,10127031,9022808,7551862,5808692,1,2012,3,2012,2,04,30
2012-04-30,Total Public Debt Outstanding,15692367.8868738,14287630,14790340,13561623,11909829,10024725,3,2012,3,2012,2,04,30
2012-04-30,Intragovernmental Holdings,4776297.16920255,4632680,4663309,4538815,4357967,4216033,2,2012,3,2012,2,04,30
2012-03-31,Debt Held by the Public,10846824.6399239,9651643.25,10127031,9022808,7551862,5808692,1,2012,2,2012,1,03,31
2012-03-31,Total Public Debt Outstanding,15582078.7741694,14270114.5,14790340,13561623,11909829,10024725,3,2012,2,2012,1,03,31
2012-03-31,Intragovernmental Holdings,4735254.13424554,4618471.25,4663309,4538815,4357967,4216033,2,2012,2,2012,1,03,31
2012-02-29,Total Public Debt Outstanding,15488891.3446332,14194764,14790340,13561623,11909829,10024725,3,2012,2,2012,1,02,29
2012-02-29,Debt Held by the Public,10722996.3472534,9565541,10127031,9022808,7551862,5808692,1,2012,2,2012,1,02,29
2012-02-29,Intragovernmental Holdings,4765894.9973798,4629223,4663309,4538815,4357967,4216033,2,2012,2,2012,1,02,29
2012-01-31,Intragovernmental Holdings,4783766.105917,4645634,4663309,4538815,4357967,4216033,2,2012,2,2012,1,01,31
2012-01-31,Total Public Debt Outstanding,15356140.4941039,14131051,14790340,13561623,11909829,10024725,3,2012,2,2012,1,01,31
2012-01-31,Debt Held by the Public,10572374.3881869,9485417,10127031,9022808,7551862,5808692,1,2012,2,2012,1,01,31
2011-12-31,Debt Held by the Public,10447662.9880831,9390476,10127031,9022808,7551862,5808692,1,2012,1,2011,4,12,31
2011-12-31,Intragovernmental Holdings,4775277.19364394,4634739,4663309,4538815,4357967,4216033,2,2012,1,2011,4,12,31
2011-12-31,Total Public Debt Outstanding,15222940.181727,14025215,14790340,13561623,11909829,10024725,3,2012,1,2011,4,12,31
2011-11-30,Debt Held by the Public,10389957.7807415,9275025,10127031,9022808,7551862,5808692,1,2012,1,2011,4,11,30
2011-11-30,Intragovernmental Holdings,4720540.76767472,4585749,4663309,4538815,4357967,4216033,2,2012,1,2011,4,11,30
2011-11-30,Total Public Debt Outstanding,15110498.5484163,13860774,14790340,13561623,11909829,10024725,3,2012,1,2011,4,11,30
2011-10-31,Intragovernmental Holdings,4737693.61275732,4598946,4663309,4538815,4357967,4216033,2,2012,1,2011,4,10,31
2011-10-31,Total Public Debt Outstanding,14993709.0451427,13668825,14790340,13561623,11909829,10024725,3,2012,1,2011,4,10,31
2011-10-31,Debt Held by the Public,10256015.4323853,9069879,10127031,9022808,7551862,5808692,1,2012,1,2011,4,10,31
2011-09-30,Debt Held by the Public,10127031.1527157,9022808,9022808,7551862,5808692,5049306,1,2011,4,2011,3,09,30
2011-09-30,Intragovernmental Holdings,4663309.28826406,4538815,4538815,4357967,4216033,3958348,2,2011,4,2011,3,09,30
2011-09-30,Total Public Debt Outstanding,14790340.4409797,13561623,13561623,11909829,10024725,9007653,3,2011,4,2011,3,09,30
2011-08-31,Debt Held by the Public,10024253.104964,8927061.4,9022808,7551862,5808692,5049306,1,2011,4,2011,3,08,31
2011-08-31,Intragovernmental Holdings,4660039.56878558,4522591.3,4538815,4357967,4216033,3958348,2,2011,4,2011,3,08,31
2011-08-31,Total Public Debt Outstanding,14684292.6737496,13449652.7,13561623,11909829,10024725,9007653,3,2011,4,2011,3,08,31
2011-07-31,Intragovernmental Holdings,4586573.95641873,4535269,4538815,4357967,4216033,3958348,2,2011,4,2011,3,07,31
2011-07-31,Total Public Debt Outstanding,14342369.3572163,13237727,13561623,11909829,10024725,9007653,3,2011,4,2011,3,07,31
2011-07-31,Debt Held by the Public,9755796.40079761,8702458,9022808,7551862,5808692,5049306,1,2011,4,2011,3,07,31
2011-06-30,Total Public Debt Outstanding,14343088.1218773,13201792,13561623,11909829,10024725,9007653,3,2011,3,2011,2,06,30
2011-06-30,Intragovernmental Holdings,4600863.63841573,4568111,4538815,4357967,4216033,3958348,2,2011,3,2011,2,06,30
2011-06-30,Debt Held by the Public,9742223.48346154,8633680,9022808,7551862,5808692,5049306,1,2011,3,2011,2,06,30
2011-05-31,Total Public Debt Outstanding,14344667.7239212,12992539,13561623,11909829,10024725,9007653,3,2011,3,2011,2,05,31
2011-05-31,Intragovernmental Holdings,4621212.20030194,4498120,4538815,4357967,4216033,3958348,2,2011,3,2011,2,05,31
2011-05-31,Debt Held by the Public,9723455.52361923,8494419,9022808,7551862,5808692,5049306,1,2011,3,2011,2,05,31
2011-04-30,Intragovernmental Holdings,4632679.8397025,4514304,4538815,4357967,4216033,3958348,2,2011,3,2011,2,04,30
2011-04-30,Total Public Debt Outstanding,14287630.1209393,12948739,13561623,11909829,10024725,9007653,3,2011,3,2011,2,04,30
2011-04-30,Debt Held by the Public,9654950.28123679,8434435,9022808,7551862,5808692,5049306,1,2011,3,2011,2,04,30
2011-03-31,Intragovernmental Holdings,4618470.64061679,4483054,4538815,4357967,4216033,3958348,2,2011,2,2011,1,03,31
2011-03-31,Total Public Debt Outstanding,14270114.8906537,12773123,13561623,11909829,10024725,9007653,3,2011,2,2011,1,03,31
2011-03-31,Debt Held by the Public,9651643.25003689,8290069,9022808,7551862,5808692,5049306,1,2011,2,2011,1,03,31
2011-02-28,Debt Held by the Public,9565541.4324782,7936671,9022808,7551862,5808692,5049306,1,2011,2,2011,1,02,28
2011-02-28,Intragovernmental Holdings,4629222.72237974,4503397,4538815,4357967,4216033,3958348,2,2011,2,2011,1,02,28
2011-02-28,Total Public Debt Outstanding,14194764.1548579,12440068,13561623,11909829,10024725,9007653,3,2011,2,2011,1,02,28
2011-01-31,Total Public Debt Outstanding,14131051.3383282,12278636,13561623,11909829,10024725,9007653,3,2011,2,2011,1,01,31
2011-01-31,Debt Held by the Public,9485417,7759490,9022808,7551862,5808692,5049306,1,2011,2,2011,1,01,31
2011-01-31,Intragovernmental Holdings,4645633.70377,4519146,4538815,4357967,4216033,3958348,2,2011,2,2011,1,01,31
2010-12-31,Debt Held by the Public,9390476.09064293,7811009,9022808,7551862,5808692,5049306,1,2011,1,2010,4,12,31
2010-12-31,Intragovernmental Holdings,4634739.13066517,4500341,4538815,4357967,4216033,3958348,2,2011,1,2010,4,12,31
2010-12-31,Total Public Debt Outstanding,14025215.2213081,12311350,13561623,11909829,10024725,9007653,3,2011,1,2010,4,12,31
2010-11-30,Debt Held by the Public,9275024.69144498,7712387.187,9022808,7551862,5808692,5049306,1,2011,1,2010,4,11,30
2010-11-30,Total Public Debt Outstanding,13860773.7596195,12113047.538,13561623,11909829,10024725,9007653,3,2011,1,2010,4,11,30
2010-11-30,Intragovernmental Holdings,4585749.06817455,4400660.351,4538815,4357967,4216033,3958348,2,2011,1,2010,4,11,30
2010-10-31,Total Public Debt Outstanding,13668824.5006415,11893091,13561623,11909829,10024725,9007653,3,2011,1,2010,4,10,31
2010-10-31,Debt Held by the Public,9069879.04840365,7487887,9022808,7551862,5808692,5049306,1,2011,1,2010,4,10,31
2010-10-31,Intragovernmental Holdings,4598946.45223784,4405204,4538815,4357967,4216033,3958348,2,2011,1,2010,4,10,31
2010-09-30,Intragovernmental Holdings,4538814.93036359,4357967,4357967,4216033,3958348,3663853,2,2010,4,2010,3,09,30
2010-09-30,Debt Held by the Public,9022807.65055672,7551862,7551862,5808692,5049306,4843121,1,2010,4,2010,3,09,30
2010-09-30,Total Public Debt Outstanding,13561622.5809203,11909829,11909829,10024725,9007653,8506974,3,2010,4,2010,3,09,30
2010-08-31,Intragovernmental Holdings,4522591.29897457,4328725,4357967,4216033,3958348,3663853,2,2010,4,2010,3,08,31
2010-08-31,Total Public Debt Outstanding,13449652.7193351,11812870,11909829,10024725,9007653,8506974,3,2010,4,2010,3,08,31
2010-08-31,Debt Held by the Public,8927061.42036057,7484145,7551862,5808692,5049306,4843121,1,2010,4,2010,3,08,31
2010-07-31,Debt Held by the Public,8702457.67900629,7335598,7551862,5808692,5049306,4843121,1,2010,4,2010,3,07,31
2010-07-31,Intragovernmental Holdings,4535269.21414481,4333678,4357967,4216033,3958348,3663853,2,2010,4,2010,3,07,31
2010-07-31,Total Public Debt Outstanding,13237726.9831511,11669277,11909829,10024725,9007653,8506974,3,2010,4,2010,3,07,31
2010-06-30,Debt Held by the Public,8633680.39529028,7174912,7551862,5808692,5049306,4843121,1,2010,3,2010,2,06,30
2010-06-30,Total Public Debt Outstanding,13201791.5061685,11545275,11909829,10024725,9007653,8506974,3,2010,3,2010,2,06,30
2010-06-30,Intragovernmental Holdings,4568111.11087817,4370363,4357967,4216033,3958348,3663853,2,2010,3,2010,2,06,30
2010-05-31,Debt Held by the Public,8494419.44518575,7019322,7551862,5808692,5049306,4843121,1,2010,3,2010,2,05,31
2010-05-31,Total Public Debt Outstanding,12992539.0916417,11321600,11909829,10024725,9007653,8506974,3,2010,3,2010,2,05,31
2010-05-31,Intragovernmental Holdings,4498119.63645594,4302278,4357967,4216033,3958348,3663853,2,2010,3,2010,2,05,31
2010-04-30,Debt Held by the Public,8434434.63817132,6930825,7551862,5808692,5049306,4843121,1,2010,3,2010,2,04,30
2010-04-30,Total Public Debt Outstanding,12948738.8764999,11238592,11909829,10024725,9007653,8506974,3,2010,3,2010,2,04,30
2010-04-30,Intragovernmental Holdings,4514304.22832862,4307767,4357967,4216033,3958348,3663853,2,2010,3,2010,2,04,30
2010-03-31,Intragovernmental Holdings,4483054.26509294,4293398,4357967,4216033,3958348,3663853,2,2010,2,2010,1,03,31
2010-03-31,Total Public Debt Outstanding,12773123.1066399,11126941,11909829,10024725,9007653,8506974,3,2010,2,2010,1,03,31
2010-03-31,Debt Held by the Public,8290068.831547,6833543,7551862,5808692,5049306,4843121,1,2010,2,2010,1,03,31
2010-02-28,Debt Held by the Public,7936671.0065939,6579163,7551862,5808692,5049306,4843121,1,2010,2,2010,1,02,28
2010-02-28,Intragovernmental Holdings,4503396.52273695,4297982,4357967,4216033,3958348,3663853,2,2010,2,2010,1,02,28
2010-02-28,Total Public Debt Outstanding,12440067.6293309,10877145,11909829,10024725,9007653,8506974,3,2010,2,2010,1,02,28
2010-01-31,Total Public Debt Outstanding,12278635.7829148,10632080,11909829,10024725,9007653,8506974,3,2010,2,2010,1,01,31
2010-01-31,Intragovernmental Holdings,4519146.02315505,4314781,4357967,4216033,3958348,3663853,2,2010,2,2010,1,01,31
2010-01-31,Debt Held by the Public,7759489.65975979,6317299,7551862,5808692,5049306,4843121,1,2010,2,2010,1,01,31
2009-12-31,Total Public Debt Outstanding,12311349.7371156,10699805,11909829,10024725,9007653,8506974,3,2010,1,2009,4,12,31
2009-12-31,Intragovernmental Holdings,4500340.75884543,4330486,4357967.47077675,4216033,3958348,3663853,2,2010,1,2009,4,12,31
2009-12-31,Debt Held by the Public,7811008.97827013,6369319,7551862.33513464,5808692,5049306,4843121,1,2010,1,2009,4,12,31
2009-11-30,Debt Held by the Public,7712386.95310865,6396591,7551862.33513464,5808692,5049306,4843121,1,2010,1,2009,4,11,30
2009-11-30,Intragovernmental Holdings,4400659.84389048,4264584,4357967.47077675,4216033,3958348,3663853,2,2010,1,2009,4,11,30
2009-11-30,Total Public Debt Outstanding,12113047.7969991,10661175,11909829,10024725,9007653,8506974,3,2010,1,2009,4,11,30
2009-10-31,Intragovernmental Holdings,4405203.60183299,4271301,4357967.47077675,4216033,3958348,3663853,2,2010,1,2009,4,10,31
2009-10-31,Debt Held by the Public,7487887.00735043,6302794,7551862.33513464,5808692,5049306,4843121,1,2010,1,2009,4,10,31
2009-10-31,Total Public Debt Outstanding,11893090.6091834,10574094,11909829,10024725,9007653,8506974,3,2010,1,2009,4,10,31
2009-09-30,Intragovernmental Holdings,4357967.24381974,4216033,4216033,3958348,3663853,3331471,2,2009,4,2009,3,09,30
2009-09-30,Total Public Debt Outstanding,11909828.5789544,10024725,10024725,9007653,8506974,7932710,3,2009,4,2009,3,09,30
2009-09-30,Debt Held by the Public,7551862.33513464,5808692,5808692,5049306,4843121,4601239,1,2009,4,2009,3,09,30
2009-08-31,Total Public Debt Outstanding,11812869.9257963,9645755,10024725,9007653,8506974,7932710,3,2009,4,2009,3,08,31
2009-08-31,Intragovernmental Holdings,4328725.45052286,4166655,4216033,3958348,3663853,3331471,2,2009,4,2009,3,08,31
2009-08-31,Debt Held by the Public,7484145.47527346,5479100,5808692,5049306,4843121,4601239,1,2009,4,2009,3,08,31
2009-07-31,Total Public Debt Outstanding,11669276.7960232,9585480,10024725,9007653,8506974,7932710,3,2009,4,2009,3,07,31
2009-07-31,Debt Held by the Public,7335598.18754993,5403382,5808692,5049306,4843121,4601239,1,2009,4,2009,3,07,31
2009-07-31,Intragovernmental Holdings,4333677.60847326,4182098,4216033,3958348,3663853,3331471,2,2009,4,2009,3,07,31
2009-06-30,Intragovernmental Holdings,4370362.9122906,4206942,4216033,3958348,3663853,3331471,2,2009,3,2009,2,06,30
2009-06-30,Debt Held by the Public,7174911.9299287,5285064,5808692,5049306,4843121,4601239,1,2009,3,2009,2,06,30
2009-06-30,Total Public Debt Outstanding,11545274.8422193,9492006,10024725,9007653,8506974,7932710,3,2009,3,2009,2,06,30
2009-05-31,Debt Held by the Public,7019321.55417487,5278699,5808692,5049306,4843121,4601239,1,2009,3,2009,2,05,31
2009-05-31,Intragovernmental Holdings,4302278.41091186,4110100,4216033,3958348,3663853,3331471,2,2009,3,2009,2,05,31
2009-05-31,Total Public Debt Outstanding,11321599.9650867,9388799,10024725,9007653,8506974,7932710,3,2009,3,2009,2,05,31
2009-04-30,Debt Held by the Public,6930824.94347645,5224195,5808692,5049306,4843121,4601239,1,2009,3,2009,2,04,30
2009-04-30,Intragovernmental Holdings,4307766.8895155,4133363,4216033,3958348,3663853,3331471,2,2009,3,2009,2,04,30
2009-04-30,Total Public Debt Outstanding,11238591.832992,9377557,10024725,9007653,8506974,7932710,3,2009,3,2009,2,04,30
2009-03-31,Debt Held by the Public,6833543.4448633,5334116,5808692,5049306,4843121,4601239,1,2009,2,2009,1,03,31
2009-03-31,Total Public Debt Outstanding,11126941.1653962,9437594,10024725,9007653,8506974,7932710,3,2009,2,2009,1,03,31
2009-03-31,Intragovernmental Holdings,4293397.7205329,4103479,4216033,3958348,3663853,3331471,2,2009,2,2009,1,03,31
2009-02-28,Debt Held by the Public,6579162.75089826,5259804,5808692,5049306,4843121,4601239,1,2009,2,2009,1,02,28
2009-02-28,Intragovernmental Holdings,4297982.42525662,4098247,4216033,3958348,3663853,3331471,2,2009,2,2009,1,02,28
2009-02-28,Total Public Debt Outstanding,10877145.1761549,9358051,10024725,9007653,8506974,7932710,3,2009,2,2009,1,02,28
2009-01-31,Debt Held by the Public,6317298.51502727,5132265,5808692,5049306,4843121,4601239,1,2009,2,2009,1,01,31
2009-01-31,Total Public Debt Outstanding,10632079.9043626,9238008,10024725,9007653,8506974,7932710,3,2009,2,2009,1,01,31
2009-01-31,Intragovernmental Holdings,4314781.38933528,4105743,4216033,3958348,3663853,3331471,2,2009,2,2009,1,01,31
2008-12-31,Debt Held by the Public,6369318.53033541,5136303,5808692,5049306,4843121,4601239,1,2009,1,2008,4,12,31
2008-12-31,Total Public Debt Outstanding,10699804.8507456,9229173,10024725,9007653,8506974,7932710,3,2009,1,2008,4,12,31
2008-12-31,Intragovernmental Holdings,4330486.32041022,4092870,4216033,3958348,3663853,3331471,2,2009,1,2008,4,12,31
2008-11-30,Total Public Debt Outstanding,10661175.2948493,9149341,10024725,9007653,8506974,7932710,3,2009,1,2008,4,11,30
2008-11-30,Intragovernmental Holdings,4264584.12720854,4002762,4216033,3958348,3663853,3331471,2,2009,1,2008,4,11,30
2008-11-30,Debt Held by the Public,6396590.98639851,5146579,5808692,5049306,4843121,4601239,1,2009,1,2008,4,11,30
2008-10-31,Intragovernmental Holdings,4271301.36000784,4012008,4216033,3958348,3663853,3331471,2,2009,1,2008,4,10,31
2008-10-31,Total Public Debt Outstanding,10574094.3888149,9079086,10024725,9007653,8506974,7932710,3,2009,1,2008,4,10,31
2008-10-31,Debt Held by the Public,6302793.6305648,5067079,5808692,5049306,4843121,4601239,1,2009,1,2008,4,10,31
2008-09-30,Debt Held by the Public,5808692.20335563,5049306,5049306,4843121,4601239,4307345,1,2008,4,2008,3,09,30
2008-09-30,Intragovernmental Holdings,4216032.98885062,3958348,3958348,3663853,3331471,3071708,2,2008,4,2008,3,09,30
2008-09-30,Total Public Debt Outstanding,10024725.2832063,9007653,9007653,8506974,7932710,7379053,3,2008,4,2008,3,09,30
2008-08-31,Debt Held by the Public,5479099.8386794,5096938,5049306,4843121,4601239,4307345,1,2008,4,2008,3,08,31
2008-08-31,Total Public Debt Outstanding,9645755.37959902,9005649,9007653,8506974,7932710,7379053,3,2008,4,2008,3,08,31
2008-08-31,Intragovernmental Holdings,4166655.08677485,3908710,3958348,3663853,3331471,3071708,2,2008,4,2008,3,08,31
2008-07-31,Debt Held by the Public,5403381.60677582,5003717,5049306,4843121,4601239,4307345,1,2008,4,2008,3,07,31
2008-07-31,Intragovernmental Holdings,4182098.4527461,3928722,3958348,3663853,3331471,3071708,2,2008,4,2008,3,07,31
2008-07-31,Total Public Debt Outstanding,9585480.36752192,8932438,9007653,8506974,7932710,7379053,3,2008,4,2008,3,07,31
2008-06-30,Total Public Debt Outstanding,9492005.67227554,8867675,9007653,8506974,7932710,7379053,3,2008,3,2008,2,06,30
2008-06-30,Intragovernmental Holdings,4206942.12961229,3924585,3958348,3663853,3331471,3071708,2,2008,3,2008,2,06,30
2008-06-30,Debt Held by the Public,5285064.43166325,4943090,5049306,4843121,4601239,4307345,1,2008,3,2008,2,06,30
2008-05-31,Debt Held by the Public,5278699.22900512,4980871,5049306,4843121,4601239,4307345,1,2008,3,2008,2,05,31
2008-05-31,Intragovernmental Holdings,4110099.59138284,3848121,3958348,3663853,3331471,3071708,2,2008,3,2008,2,05,31
2008-05-31,Total Public Debt Outstanding,9388798.91138796,8828992,9007653,8506974,7932710,7379053,3,2008,3,2008,2,05,31
2008-04-30,Debt Held by the Public,5244195.21983334,5007058,5049306,4843121,4601239,4307345,1,2008,3,2008,2,04,30
2008-04-30,Intragovernmental Holdings,4133362.51048596,3833110,3958348,3663853,3331471,3071708,2,2008,3,2008,2,04,30
2008-04-30,Total Public Debt Outstanding,9377556.8213193,8840168,9007653,8506974,7932710,7379053,3,2008,3,2008,2,04,30
2008-03-31,Debt Held by the Public,5334116.13274382,5053940,5049306,4843121,4601239,4307345,1,2008,2,2008,1,03,31
2008-03-31,Intragovernmental Holdings,4103479.43477948,3795725,3958348,3663853,3331471,3071708,2,2008,2,2008,1,03,31
2008-03-31,Total Public Debt Outstanding,9437593.6585233,8849665,9007653,8506974,7932710,7379053,3,2008,2,2008,1,03,31
2008-02-29,Debt Held by the Public,5259803.9237152,4979111,5049306,4843121,4601239,4307345,1,2008,2,2008,1,02,29
2008-02-29,Total Public Debt Outstanding,9358050.91873722,8778111,9007653,8506974,7932710,7379053,3,2008,2,2008,1,02,29
2008-02-29,Intragovernmental Holdings,4098246.53302202,3799000,3958348,3663853,3331471,3071708,2,2008,2,2008,1,02,29
2008-01-31,Total Public Debt Outstanding,9238007.65040787,8707561,9007653,8506974,7932710,7379053,3,2008,2,2008,1,01,31
2008-01-31,Intragovernmental Holdings,4105742.69747572,3793600,3958348,3663853,3331471,3071708,2,2008,2,2008,1,01,31
2008-01-31,Debt Held by the Public,5132264.59393215,4913961,5049306,4843121,4601239,4307345,1,2008,2,2008,1,01,31
2007-12-31,Total Public Debt Outstanding,9229172.80933106,8680224,9007653,8506974,7932710,7379053,3,2008,1,2007,4,12,31
2007-12-31,Intragovernmental Holdings,4092870.35225871,3779178,3958348,3663853,3331471,3071708,2,2008,1,2007,4,12,31
2007-12-31,Debt Held by the Public,5136303.28007234,4901047,5049306,4843121,4601239,4307345,1,2008,1,2007,4,12,31
2007-11-30,Debt Held by the Public,5146578.96496647,4929567,5049306,4843121,4601239,4307345,1,2008,1,2007,4,11,30
2007-11-30,Intragovernmental Holdings,4002761.79372708,3703678,3958348,3663853,3331471,3071708,2,2008,1,2007,4,11,30
2007-11-30,Total Public Debt Outstanding,9149340.86269356,8633246,9007653,8506974,7932710,7379053,3,2008,1,2007,4,11,30
2007-10-31,Intragovernmental Holdings,4012008.10926531,3703718,3958348,3663853,3331471,3071708,2,2008,1,2007,4,10,31
2007-10-31,Debt Held by the Public,5067079.10661695,4880611,5049306,4843121,4601239,4307345,1,2008,1,2007,4,10,31
2007-10-31,Total Public Debt Outstanding,9079086.30588226,8584329,9007653,8506974,7932710,7379053,3,2008,1,2007,4,10,31
2007-09-30,Debt Held by the Public,5049305.66092607,4843121,4843121,4601239,4307345,3924090,1,2007,4,2007,3,09,30
2007-09-30,Intragovernmental Holdings,3958347.66531357,3663853,3663853,3331471,3071708,2859141,2,2007,4,2007,3,09,30
2007-09-30,Total Public Debt Outstanding,9007653.41623964,8506974,8506974,7932710,7379053,6783231,3,2007,4,2007,3,09,30
2007-08-31,Debt Held by the Public,5096937.69849952,4884685,4843121,4601239,4307345,3924090,1,2007,4,2007,3,08,31
2007-08-31,Total Public Debt Outstanding,9005648.64027835,8515034,8506974,7932710,7379053,6783231,3,2007,4,2007,3,08,31
2007-08-31,Intragovernmental Holdings,3908709.85177883,3630348,3663853,3331471,3071708,2859141,2,2007,4,2007,3,08,31
2007-07-31,Total Public Debt Outstanding,8932438.18201527,8444347,8506974,7932710,7379053,6783231,3,2007,4,2007,3,07,31
2007-07-31,Intragovernmental Holdings,3928721.81186781,3624614,3663853,3331471,3071708,2859141,2,2007,4,2007,3,07,31
2007-07-31,Debt Held by the Public,5003717.28014746,4819732,4843121,4601239,4307345,3924090,1,2007,4,2007,3,07,31
2007-06-30,Debt Held by the Public,4943090.4103004,4797204,4843121,4601239,4307345,3924090,1,2007,3,2007,2,06,30
2007-06-30,Total Public Debt Outstanding,8867675.20476867,8420042,8506974,7932710,7379053,6783231,3,2007,3,2007,2,06,30
2007-06-30,Intragovernmental Holdings,3924584.70446827,3622838,3663853,3331471,3071708,2859141,2,2007,3,2007,2,06,30
2007-05-31,Debt Held by the Public,4980871.15800245,4807517,4843121,4601239,4307345,3924090,1,2007,3,2007,2,05,31
2007-05-31,Total Public Debt Outstanding,8828991.51987809,8356777,8506974,7932710,7379053,6783231,3,2007,3,2007,2,05,31
2007-05-31,Intragovernmental Holdings,3848121.27187564,3549260,3663853,3331471,3071708,2859141,2,2007,3,2007,2,05,31
2007-04-30,Total Public Debt Outstanding,8840167.77682684,8355718,8506974,7932710,7379053,6783231,3,2007,3,2007,2,04,30
2007-04-30,Debt Held by the Public,5007058.18236592,4819949,4843121,4601239,4307345,3924090,1,2007,3,2007,2,04,30
2007-04-30,Intragovernmental Holdings,3833109.59446092,3535769,3663853,3331471,3071708,2859141,2,2007,3,2007,2,04,30
2007-03-31,Debt Held by the Public,5053939.89123348,4872485,4843121,4601239,4307345,3924090,1,2007,2,2007,1,03,31
2007-03-31,Intragovernmental Holdings,3795725.32787847,3498672,3663853,3331471,3071708,2859141,2,2007,2,2007,1,03,31
2007-03-31,Total Public Debt Outstanding,8849665.24711195,8371156,8506974,7932710,7379053,6783231,3,2007,2,2007,1,03,31
2007-02-28,Debt Held by the Public,4979111.33237455,4771117,4843121,4601239,4307345,3924090,1,2007,2,2007,1,02,28
2007-02-28,Intragovernmental Holdings,3798999.57524067,3498769,3663853,3331471,3071708,2859141,2,2007,2,2007,1,02,28
2007-02-28,Total Public Debt Outstanding,8778110.90761522,8269886,8506974,7932710,7379053,6783231,3,2007,2,2007,1,02,28
2007-01-31,Debt Held by the Public,4913960.90177214,4724637,4843121,4601239,4307345,3924090,1,2007,2,2007,1,01,31
2007-01-31,Intragovernmental Holdings,3793600.31477793,3471433,3663853,3331471,3071708,2859141,2,2007,2,2007,1,01,31
2007-01-31,Total Public Debt Outstanding,8707561.21655007,8196070,8506974,7932710,7379053,6783231,3,2007,2,2007,1,01,31
2006-12-31,Total Public Debt Outstanding,8680223.86810283,8170414,8506974,7932710,7379053,6783231,3,2007,1,2006,4,12,31
2006-12-31,Intragovernmental Holdings,3779178.49492057,3455592,3663853,3331471,3071708,2859141,2,2007,1,2006,4,12,31
2006-12-31,Debt Held by the Public,4901047.37318226,4714821,4843121,4601239,4307345,3924090,1,2007,1,2006,4,12,31
2006-11-30,Debt Held by the Public,4929567.0380306,4709403,4843121,4601239,4307345,3924090,1,2007,1,2006,4,11,30
2006-11-30,Intragovernmental Holdings,3703678.45733042,3382919,3663853,3331471,3071708,2859141,2,2007,1,2006,4,11,30
2006-11-30,Total Public Debt Outstanding,8633246.49536102,8092322,8506974,7932710,7379053,6783231,3,2007,1,2006,4,11,30
2006-10-31,Total Public Debt Outstanding,8584329.46008199,8027123,8506974,7932710,7379053,6783231,3,2007,1,2006,4,10,31
2006-10-31,Intragovernmental Holdings,3703718.17289922,3376607,3663853,3331471,3071708,2859141,2,2007,1,2006,4,10,31
2006-10-31,Debt Held by the Public,4880611.28718277,4650516,4843121,4601239,4307345,3924090,1,2007,1,2006,4,10,31
2006-09-30,Total Public Debt Outstanding,8506974.16923151,7932710,7932710,7379053,6783231,6228235.966,3,2006,4,2006,3,09,30
2006-09-30,Debt Held by the Public,4843120.59419198,4601239,4601239,4307345,3924090,3553180.248,1,2006,4,2006,3,09,30
2006-09-30,Intragovernmental Holdings,3663853.34303953,3331471,3331471,3071708,2859141,2675055.718,2,2006,4,2006,3,09,30
2006-08-31,Intragovernmental Holdings,3630348.45407633,3312654,3331471,3071708,2859141,2675055.718,2,2006,4,2006,3,08,31
2006-08-31,Debt Held by the Public,4884685.18301922,4614279,4601239,4307345,3924090,3553180.248,1,2006,4,2006,3,08,31
2006-08-31,Total Public Debt Outstanding,8515033.77209555,7926933,7932710,7379053,6783231,6228235.966,3,2006,4,2006,3,08,31
2006-07-31,Total Public Debt Outstanding,8444346.75947422,7887618,7932710,7379053,6783231,6228235.966,3,2006,4,2006,3,07,31
2006-07-31,Debt Held by the Public,4819732.14988511,4580784,4601239,4307345,3924090,3553180.248,1,2006,4,2006,3,07,31
2006-07-31,Intragovernmental Holdings,3624614.45658911,3306834,3331471,3071708,2859141,2675055.718,2,2006,4,2006,3,07,31
2006-06-30,Total Public Debt Outstanding,8420041.52890332,7836496,7932710,7379053,6783231,6228235.966,3,2006,3,2006,2,06,30
2006-06-30,Intragovernmental Holdings,3622838.21576402,3308799,3331471,3071708,2859141,2675055.718,2,2006,3,2006,2,06,30
2006-06-30,Debt Held by the Public,4797204.2941393,4527697,4601239,4307345,3924090,3553180.248,1,2006,3,2006,2,06,30
2006-05-31,Intragovernmental Holdings,3549259.69214394,3235502,3331471,3071708,2859141,2675055.718,2,2006,3,2006,2,05,31
2006-05-31,Debt Held by the Public,4807517.26333817,4542378,4601239,4307345,3924090,3553180.248,1,2006,3,2006,2,05,31
2006-05-31,Total Public Debt Outstanding,8356776.97448211,7777880,7932710,7379053,6783231,6228235.966,3,2006,3,2006,2,05,31
2006-04-30,Debt Held by the Public,4819948.5970565,4551065,4601239,4307345,3924090,3553180.248,1,2006,3,2006,2,04,30
2006-04-30,Intragovernmental Holdings,3535769.22067783,3213472,3331471,3071708,2859141,2675055.718,2,2006,3,2006,2,04,30
2006-04-30,Total Public Debt Outstanding,8355717.86873433,7764537,7932710,7379053,6783231,6228235.966,3,2006,3,2006,2,04,30
2006-03-31,Intragovernmental Holdings,3498671.99815167,3204223,3331471,3071708,2859141,2675055.718,2,2006,2,2006,1,03,31
2006-03-31,Total Public Debt Outstanding,8371155.66624622,7776939,7932710,7379053,6783231,6228235.966,3,2006,2,2006,1,03,31
2006-03-31,Debt Held by the Public,4872484.61709455,4572716,4601239,4307345,3924090,3553180.248,1,2006,2,2006,1,03,31
2006-02-28,Total Public Debt Outstanding,8269886.34025419,7713138,7932710,7379053,6783231,6228235.966,3,2006,2,2006,1,02,28
2006-02-28,Intragovernmental Holdings,3498768.94806578,3204850,3331471,3071708,2859141,2675055.718,2,2006,2,2006,1,02,28
2006-02-28,Debt Held by the Public,4771117.34118841,4508288,4601239,4307345,3924090,3553180.248,1,2006,2,2006,1,02,28
2006-01-31,Intragovernmental Holdings,3471432.79950296,3199522,3331471,3071708,2859141,2675055.718,2,2006,2,2006,1,01,31
2006-01-31,Total Public Debt Outstanding,8196069.7980875,7627743,7932710,7379053,6783231,6228235.966,3,2006,2,2006,1,01,31
2006-01-31,Debt Held by the Public,4724636.94758454,4428221,4601239,4307345,3924090,3553180.248,1,2006,2,2006,1,01,31
2005-12-31,Total Public Debt Outstanding,8170414.33238631,7596144,7932710,7379053,6783231,6228235.966,3,2006,1,2005,4,12,31
2005-12-31,Debt Held by the Public,4714820.59650445,4408389,4601239,4307345,3924090,3553180.248,1,2006,1,2005,4,12,31
2005-12-31,Intragovernmental Holdings,3455592.44588186,3187753,3331471,3071708,2859141,2675055.718,2,2006,1,2005,4,12,31
2005-11-30,Intragovernmental Holdings,3382919.44709447,3117303,3331471,3071708,2859141,2675055.718,2,2006,1,2005,4,11,30
2005-11-30,Debt Held by the Public,4709402.98567194,4407907,4601239,4307345,3924090,3553180.248,1,2006,1,2005,4,11,30
2005-11-30,Total Public Debt Outstanding,8092321.54676641,7525210,7932710,7379053,6783231,6228235.966,3,2006,1,2005,4,11,30
2005-10-31,Total Public Debt Outstanding,8027122.94956565,7429677,7379053,6783231,6228235.966,5807463,3,2006,1,2005,4,10,31
2005-10-31,Intragovernmental Holdings,3376607.05897519,3111192,3071708,2859141,2675055.718,2468153,2,2006,1,2005,4,10,31
2005-10-31,Debt Held by the Public,4650515.77659046,4318485,4307345,3924090,3553180.248,3339310,1,2006,1,2005,4,10,31
2005-09-30,Total Public Debt Outstanding,7932709.70886676,7379053,7379053,6783231,6228235.966,5807463,3,2005,4,2005,3,09,30
2005-09-30,Debt Held by the Public,4601239.25179304,4307345,4307345,3924090,3553180.248,3339310,1,2005,4,2005,3,09,30
2005-09-30,Intragovernmental Holdings,3331471.34307372,3071708,3071708,2859141,2675055.718,2468153,2,2005,4,2005,3,09,30
2005-08-31,Debt Held by the Public,4614278.81175295,4298492,4307345,3924090,3553180.248,3339310,1,2005,4,2005,3,08,31
2005-08-31,Total Public Debt Outstanding,7926932.51936346,7350950,7379053,6783231,6228235.966,5807463,3,2005,4,2005,3,08,31
2005-08-31,Intragovernmental Holdings,3312654.29861051,3052458,3071708,2859141,2675055.718,2468153,2,2005,4,2005,3,08,31
2005-07-31,Total Public Debt Outstanding,7887618.11150035,7316568,7379053,6783231,6228235.966,5807463,3,2005,4,2005,3,07,31
2005-07-31,Intragovernmental Holdings,3306833.73190063,3048654,3071708,2859141,2675055.718,2468153,2,2005,4,2005,3,07,31
2005-07-31,Debt Held by the Public,4580784.36959972,4267913,4307345,3924090,3553180.248,3339310,1,2005,4,2005,3,07,31
2005-06-30,Debt Held by the Public,4527696.71965302,4218910,4307345,3924090,3553180.248,3339310,1,2005,3,2005,2,06,30
2005-06-30,Intragovernmental Holdings,3308799.13232822,3055425,3071708,2859141,2675055.718,2468153,2,2005,3,2005,2,06,30
2005-06-30,Total Public Debt Outstanding,7836496.32898124,7274335,7379053,6783231,6228235.966,5807463,3,2005,3,2005,2,06,30
2005-05-31,Debt Held by the Public,4542377.67983611,4207088,4307345,3924090,3553180.248,3339310,1,2005,3,2005,2,05,31
2005-05-31,Intragovernmental Holdings,3235501.6537449,2989295,3071708,2859141,2675055.718,2468153,2,2005,3,2005,2,05,31
2005-05-31,Total Public Debt Outstanding,7777880.34358101,7196383,7379053,6783231,6228235.966,5807463,3,2005,3,2005,2,05,31
2005-04-30,Total Public Debt Outstanding,7764536.95803561,7133789,7379053,6783231,6228235.966,5807463,3,2005,3,2005,2,04,30
2005-04-30,Intragovernmental Holdings,3213472.28122658,2974811,3071708,2859141,2675055.718,2468153,2,2005,3,2005,2,04,30
2005-04-30,Debt Held by the Public,4551064.60380903,4158978,4307345,3924090,3553180.248,3339310,1,2005,3,2005,2,04,30
2005-03-31,Debt Held by the Public,4572715.51055295,4176874,4307345,3924090,3553180.248,3339310,1,2005,2,2005,1,03,31
2005-03-31,Intragovernmental Holdings,3204223.37955094,2954194,3071708,2859141,2675055.718,2468153,2,2005,2,2005,1,03,31
2005-03-31,Total Public Debt Outstanding,7776938.94110389,7131068,7379053,6783231,6228235.966,5807463,3,2005,2,2005,1,03,31
2005-02-28,Debt Held by the Public,4508287.78561759,4125593,4307345,3924090,3553180.248,3339310,1,2005,2,2005,1,02,28
2005-02-28,Total Public Debt Outstanding,7713138.25059135,7091943,7379053,6783231,6228235.966,5807463,3,2005,2,2005,1,02,28
2005-02-28,Intragovernmental Holdings,3204849.91797376,2966350,3071708,2859141,2675055.718,2468153,2,2005,2,2005,1,02,28
2005-01-31,Total Public Debt Outstanding,7627743.0534873,7009235,7379053,6783231,6228235.966,5807463,3,2005,2,2005,1,01,31
2005-01-31,Debt Held by the Public,4428221.37537347,4045201,4307345,3924090,3553180.248,3339310,1,2005,2,2005,1,01,31
2005-01-31,Intragovernmental Holdings,3199522.47611383,2964034,3071708,2859141,2675055.718,2468153,2,2005,2,2005,1,01,31
2004-12-31,Debt Held by the Public,4408389.11199197,4044244,4307345,3924090,3553180.248,3339310,1,2005,1,2004,4,12,31
2004-12-31,Intragovernmental Holdings,3187753.44963319,2953720,3071708,2859141,2675055.718,2468153,2,2005,1,2004,4,12,31
2004-12-31,Total Public Debt Outstanding,7596143.57162516,6997964,7379053,6783231,6228235.966,5807463,3,2005,1,2004,4,12,31
2004-11-30,Total Public Debt Outstanding,7525210.2331464,6925065,7379053,6783231,6228235.966,5807463,3,2005,1,2004,4,11,30
2004-11-30,Debt Held by the Public,4407906.58479761,4032905,4307345,3924090,3553180.248,3339310,1,2005,1,2004,4,11,30
2004-11-30,Intragovernmental Holdings,3117302.77334879,2892161,3071708,2859141,2675055.718,2468153,2,2005,1,2004,4,11,30
2004-10-31,Total Public Debt Outstanding,7429677.02367209,6872676,7379053,6783231,6228235.966,5807463,3,2005,1,2004,4,10,31
2004-10-31,Intragovernmental Holdings,3111191.52525266,2882168,3071708,2859141,2675055.718,2468153,2,2005,1,2004,4,10,31
2004-10-31,Debt Held by the Public,4318485.04041943,3990508,4307345,3924090,3553180.248,3339310,1,2005,1,2004,4,10,31
2004-09-30,Total Public Debt Outstanding,7379052.72601654,6783231,7379053,6783231,6228235.966,5807463,3,2004,4,2004,3,09,30
2004-09-30,Debt Held by the Public,4307345.32259514,3924090,4307345,3924090,3553180.248,3339310,1,2004,4,2004,3,09,30
2004-09-30,Intragovernmental Holdings,3071708.2574214,2859141,3071708,2859141,2675055.718,2468153,2,2004,4,2004,3,09,30
2004-08-31,Debt Held by the Public,4298491.59591435,3947860,3924090,3553180.248,3339310,3439322,1,2004,4,2004,3,08,31
2004-08-31,Intragovernmental Holdings,3052458.09636623,2842181,2859141,2675055.718,2468153,2234857,2,2004,4,2004,3,08,31
2004-08-31,Total Public Debt Outstanding,7350949.83828058,6790041,6783231,6228235.966,5807463,5674178,3,2004,4,2004,3,08,31
2004-07-31,Debt Held by the Public,4267913.1002794,3902894,3924090,3553180.248,3339310,3439322,1,2004,4,2004,3,07,31
2004-07-31,Intragovernmental Holdings,3048654.31099385,2848301,2859141,2675055.718,2468153,2234857,2,2004,4,2004,3,07,31
2004-07-31,Total Public Debt Outstanding,7316568.41127325,6751195,6783231,6228235.966,5807463,5674178,3,2004,4,2004,3,07,31
2004-06-30,Debt Held by the Public,4218910.48809054,3816831,3924090,3553180.248,3339310,3439322,1,2004,3,2004,2,06,30
2004-06-30,Intragovernmental Holdings,3055425.33064229,2853290,2859141,2675055.718,2468153,2234857,2,2004,3,2004,2,06,30
2004-06-30,Total Public Debt Outstanding,7274335.29373283,6670121,6783231,6228235.966,5807463,5674178,3,2004,3,2004,2,06,30
2004-05-31,Intragovernmental Holdings,2989295.04515454,2781525,2859141,2675055.718,2468153,2234857,2,2004,3,2004,2,05,31
2004-05-31,Total Public Debt Outstanding,7196383.21871625,6558147,6783231,6228235.966,5807463,5674178,3,2004,3,2004,2,05,31
2004-05-31,Debt Held by the Public,4207088.17356171,3776622,3924090,3553180.248,3339310,3439322,1,2004,3,2004,2,05,31
2004-04-30,Debt Held by the Public,4158978.01497943,3702845,3924090,3553180.248,3339310,3439322,1,2004,3,2004,2,04,30
2004-04-30,Intragovernmental Holdings,2974811.33564508,2757536,2859141,2675055.718,2468153,2234857,2,2004,3,2004,2,04,30
2004-04-30,Total Public Debt Outstanding,7133789.35062451,6460381,6783231,6228235.966,5807463,5674178,3,2004,3,2004,2,04,30
2004-03-31,Total Public Debt Outstanding,7131068.22046881,6460776,6783231,6228235.966,5807463,5674178,3,2004,2,2004,1,03,31
2004-03-31,Intragovernmental Holdings,2954193.72053837,2749464,2859141,2675055.718,2468153,2234857,2,2004,2,2004,1,03,31
2004-03-31,Debt Held by the Public,4176874.49993044,3711312,3924090,3553180.248,3339310,3439322,1,2004,2,2004,1,03,31
2004-02-29,Debt Held by the Public,4125593.32360831,3683888,3924090,3553180.248,3339310,3439322,1,2004,2,2004,1,02,29
2004-02-29,Intragovernmental Holdings,2966349.51779071,2761902,2859141,2675055.718,2468153,2234857,2,2004,2,2004,1,02,29
2004-02-29,Total Public Debt Outstanding,7091942.84139902,6445790,6783231,6228235.966,5807463,5674178,3,2004,2,2004,1,02,29
2004-01-31,Total Public Debt Outstanding,7009234.73686026,6401377,6783231,6228235.966,5807463,5674178,3,2004,2,2004,1,01,31
2004-01-31,Intragovernmental Holdings,2964033.75771337,2764399,2859141,2675055.718,2468153,2234857,2,2004,2,2004,1,01,31
2004-01-31,Debt Held by the Public,4045200.97914689,3636978,3924090,3553180.248,3339310,3439322,1,2004,2,2004,1,01,31
2003-12-31,Intragovernmental Holdings,2953719.53857868,2757768,2859141,2675055.718,2468153,2234857,2,2004,1,2003,4,12,31
2003-12-31,Total Public Debt Outstanding,6997964.18560235,6405707,6783231,6228235.966,5807463,5674178,3,2004,1,2003,4,12,31
2003-12-31,Debt Held by the Public,4044243.64702367,3647940,3924090,3553180.248,3339310,3439322,1,2004,1,2003,4,12,31
2003-11-30,Intragovernmental Holdings,2892160.738,2694108,2859141,2675055.718,2468153,2234857,2,2004,1,2003,4,11,30
2003-11-30,Debt Held by the Public,4032905.384,3649353,3924090,3553180.248,3339310,3439322,1,2004,1,2003,4,11,30
2003-11-30,Total Public Debt Outstanding,6925065.122,6343460,6783231,6228235.966,5807463,5674178,3,2004,1,2003,4,11,30
2003-10-31,Intragovernmental Holdings,2882167.677,2696004,2859141,2675055.718,2468153,2234857,2,2004,1,2003,4,10,31
2003-10-31,Total Public Debt Outstanding,6872676.353,6282528,6783231,6228235.966,5807463,5674178,3,2004,1,2003,4,10,31
2003-10-31,Debt Held by the Public,3990507.676,3586524,3924090,3553180.248,3339310,3439322,1,2004,1,2003,4,10,31
2003-09-30,Debt Held by the Public,3924090.10415,3553180.248,3924090,3553180.248,3339310,3439322,1,2003,4,2003,3,09,30
2003-09-30,Intragovernmental Holdings,2859140.907,2675055.718,2859141,2675055.718,2468153,2234857,2,2003,4,2003,3,09,30
2003-09-30,Total Public Debt Outstanding,6783231.01115,6228235.966,6783231,6228235.966,5807463,5674178,3,2003,4,2003,3,09,30
2003-08-31,Intragovernmental Holdings,2842180.5,2652205,2675055.718,2468153,2234857,1987891,2,2003,4,2003,3,08,31
2003-08-31,Total Public Debt Outstanding,6790041.36,6210482,6228235.966,5807463,5674178,5656271,3,2003,4,2003,3,08,31
2003-08-31,Debt Held by the Public,3947859.86,3558277,3553180.248,3339310,3439322,3668380,1,2003,4,2003,3,08,31
2003-07-31,Total Public Debt Outstanding,6751194.942,6159741,6228235.966,5807463,5674178,5656271,3,2003,4,2003,3,07,31
2003-07-31,Intragovernmental Holdings,2848300.888,2659289,2675055.718,2468153,2234857,1987891,2,2003,4,2003,3,07,31
2003-07-31,Debt Held by the Public,3902894.054,3500452,3553180.248,3339310,3439322,3668380,1,2003,4,2003,3,07,31
2003-06-30,Total Public Debt Outstanding,6670120.68,6126469,6228235.966,5807463,5674178,5656271,3,2003,3,2003,2,06,30
2003-06-30,Debt Held by the Public,3816830.587,3464147,3553180.248,3339310,3439322,3668380,1,2003,3,2003,2,06,30
2003-06-30,Intragovernmental Holdings,2853290.093,2662321,2675055.718,2468153,2234857,1987891,2,2003,3,2003,2,06,30
2003-05-31,Total Public Debt Outstanding,6558147.47818,6019332,6228235.966,5807463,5674178,5656271,3,2003,3,2003,2,05,31
2003-05-31,Intragovernmental Holdings,2781525.10788,2585496,2675055.718,2468153,2234857,1987891,2,2003,3,2003,2,05,31
2003-05-31,Debt Held by the Public,3776622.3703,3433836,3553180.248,3339310,3439322,3668380,1,2003,3,2003,2,05,31
2003-04-30,Debt Held by the Public,3702844.593,3402337,3553180.248,3339310,3439322,3668380,1,2003,3,2003,2,04,30
2003-04-30,Intragovernmental Holdings,2757535.737,2582340,2675055.718,2468153,2234857,1987891,2,2003,3,2003,2,04,30
2003-04-30,Total Public Debt Outstanding,6460381.33,5984677,6228235.966,5807463,5674178,5656271,3,2003,3,2003,2,04,30
2003-03-31,Debt Held by the Public,3711311.738,3444137,3553180.248,3339310,3439322,3668380,1,2003,2,2003,1,03,31
2003-03-31,Total Public Debt Outstanding,6460775.95,6006032,6228235.966,5807463,5674178,5656271,3,2003,2,2003,1,03,31
2003-03-31,Intragovernmental Holdings,2749464.212,2561895,2675055.718,2468153,2234857,1987891,2,2003,2,2003,1,03,31
2003-02-28,Debt Held by the Public,3683888.1,3442244,3553180.248,3339310,3439322,3668380,1,2003,2,2003,1,02,28
2003-02-28,Total Public Debt Outstanding,6445790.446,6003453,6228235.966,5807463,5674178,5656271,3,2003,2,2003,1,02,28
2003-02-28,Intragovernmental Holdings,2761902.346,2561209,2675055.718,2468153,2234857,1987891,2,2003,2,2003,1,02,28
2003-01-31,Debt Held by the Public,3636977.796,3378924,3553180.248,3339310,3439322,3668380,1,2003,2,2003,1,01,31
2003-01-31,Intragovernmental Holdings,2764398.565,2558304,2675055.718,2468153,2234857,1987891,2,2003,2,2003,1,01,31
2003-01-31,Total Public Debt Outstanding,6401377.361,5937229,6228235.966,5807463,5674178,5656271,3,2003,2,2003,1,01,31
2002-12-31,Debt Held by the Public,3647940.242,3394399,3553180.248,3339310,3439322,3668380,1,2003,1,2002,4,12,31
2002-12-31,Intragovernmental Holdings,2757768.365,2549040,2675055.718,2468153,2234857,1987891,2,2003,1,2002,4,12,31
2002-12-31,Total Public Debt Outstanding,6405706.607,5943439,6228235.966,5807463,5674178,5656271,3,2003,1,2002,4,12,31
2002-11-30,Total Public Debt Outstanding,6343460.354,5888897,6228235.966,5807463,5674178,5656271,3,2003,1,2002,4,11,30
2002-11-30,Intragovernmental Holdings,2694108.397,2484870,2675055.718,2468153,2234857,1987891,2,2003,1,2002,4,11,30
2002-11-30,Debt Held by the Public,3649352.957,3404027,3553180.248,3339310,3439322,3668380,1,2003,1,2002,4,11,30
2002-10-31,Debt Held by the Public,3586524.3869,3333039,3553180.248,3339310,3439322,3668380,1,2003,1,2002,4,10,31
2002-10-31,Total Public Debt Outstanding,6282527.8039,5815983,6228235.966,5807463,5674178,5656271,3,2003,1,2002,4,10,31
2002-10-31,Intragovernmental Holdings,2696004.417,2482944,2675055.718,2468153,2234857,1987891,2,2003,1,2002,4,10,31
2002-09-30,Debt Held by the Public,3553180.154,3339310,3553180.248,3339310,3439322,3668380,1,2002,4,2002,3,09,30
2002-09-30,Intragovernmental Holdings,2675055.584,2468153,2675055.718,2468153,2234857,1987891,2,2002,4,2002,3,09,30
2002-09-30,Total Public Debt Outstanding,6228235.738,5807463,6228235.966,5807463,5674178,5656271,3,2002,4,2002,3,09,30
2002-08-31,Debt Held by the Public,3558276.86,3340818,3339310,3439322,3668380,3761222,1,2002,4,2002,3,08,31
2002-08-31,Intragovernmental Holdings,2652205.33075,2429058,2468153,2234857,1987891,1764971,2,2002,4,2002,3,08,31
2002-08-31,Total Public Debt Outstanding,6210482.19075,5769876,5807463,5674178,5656271,5526193,3,2002,4,2002,3,08,31
2002-07-31,Total Public Debt Outstanding,6159740.725,5718303,5807463,5674178,5656271,5526193,3,2002,4,2002,3,07,31
2002-07-31,Intragovernmental Holdings,2659289.42,2452081,2468153,2234857,1987891,1764971,2,2002,4,2002,3,07,31
2002-07-31,Debt Held by the Public,3500452.305,3266222,3339310,3439322,3668380,3761222,1,2002,4,2002,3,07,31
2002-06-30,Intragovernmental Holdings,2662320.586,2452042,2468153,2234857,1987891,1764971,2,2002,3,2002,2,06,30
2002-06-30,Total Public Debt Outstanding,6126468.858,5726815,5807463,5674178,5656271,5526193,3,2002,3,2002,2,06,30
2002-06-30,Debt Held by the Public,3464147.272,3274773,3339310,3439322,3668380,3761222,1,2002,3,2002,2,06,30
2002-05-31,Debt Held by the Public,3433835.9174,3276924,3339310,3439322,3668380,3761222,1,2002,3,2002,2,05,31
2002-05-31,Total Public Debt Outstanding,6019332.3784,5656182,5807463,5674178,5656271,5526193,3,2002,3,2002,2,05,31
2002-05-31,Intragovernmental Holdings,2585496.461,2379258,2468153,2234857,1987891,1764971,2,2002,3,2002,2,05,31
2002-04-30,Intragovernmental Holdings,2582340.444417,2363368,2468153,2234857,1987891,1764971,2,2002,3,2002,2,04,30
2002-04-30,Total Public Debt Outstanding,5984676.947417,5661348,5807463,5674178,5656271,5526193,3,2002,3,2002,2,04,30
2002-04-30,Debt Held by the Public,3402337.498,3297980,3339310,3439322,3668380,3761222,1,2002,3,2002,2,04,30
2002-03-31,Total Public Debt Outstanding,6006031.546,5773740,5807463,5674178,5656271,5526193,3,2002,2,2002,1,03,31
2002-03-31,Intragovernmental Holdings,2561895.354,2338711,2468153,2234857,1987891,1764971,2,2002,2,2002,1,03,31
2002-03-31,Debt Held by the Public,3444137.212,3435029,3339310,3439322,3668380,3761222,1,2002,2,2002,1,03,31
2002-02-28,Debt Held by the Public,3442243.997,3402737.625,3339310,3439322,3668380,3761222,1,2002,2,2002,1,02,28
2002-02-28,Total Public Debt Outstanding,6003452.911,5735859.38,5807463,5674178,5656271,5526193,3,2002,2,2002,1,02,28
2002-02-28,Intragovernmental Holdings,2561208.934,2333121.755,2468153,2234857,1987891,1764971,2,2002,2,2002,1,02,28
2002-01-31,Intragovernmental Holdings,2558303.556,2328054.912,2468153,2234857,1987891,1764971,2,2002,2,2002,1,01,31
2002-01-31,Total Public Debt Outstanding,5937229.292,5716070.587,5807463,5674178,5656271,5526193,3,2002,2,2002,1,01,31
2002-01-31,Debt Held by the Public,3378923.756,3388015.675,3339310,3439322,3668380,3761222,1,2002,2,2002,1,01,31
2001-12-31,Debt Held by the Public,3394399,3416439,3339310,3439322,3668380,3761222,1,2002,1,2001,4,12,31
2001-12-31,Intragovernmental Holdings,2549040,2245777,2468153,2234857,1987891,1764971,2,2002,1,2001,4,12,31
2001-12-31,Total Public Debt Outstanding,5943439.298,5662216,5807463,5674178,5656271,5526193,3,2002,1,2001,4,12,31
2001-11-30,Debt Held by the Public,3404027.072,3451121,3339310,3439322,3668380,3761222,1,2002,1,2001,4,11,30
2001-11-30,Intragovernmental Holdings,2484870.106,2258578,2468153,2234857,1987891,1764971,2,2002,1,2001,4,11,30
2001-11-30,Total Public Debt Outstanding,5888897.158,5709699,5807463,5674178,5656271,5526193,3,2002,1,2001,4,11,30
2001-10-31,Debt Held by the Public,3333038.8248,3408696,3339310,3439322,3668380,3761222,1,2002,1,2001,4,10,31
2001-10-31,Intragovernmental Holdings,2482944.028,2248632,2468153,2234857,1987891,1764971,2,2002,1,2001,4,10,31
2001-10-31,Total Public Debt Outstanding,5815982.8328,5657328,5807463,5674178,5656271,5526193,3,2002,1,2001,4,10,31
2001-09-30,Debt Held by the Public,3339310.132,3439322,3339310,3439322,3668380,3761222,1,2001,4,2001,3,09,30
2001-09-30,Intragovernmental Holdings,2468152.824,2234857,2468153,2234857,1987891,1764971,2,2001,4,2001,3,09,30
2001-09-30,Total Public Debt Outstanding,5807462.936,5674178,5807463,5674178,5656271,5526193,3,2001,4,2001,3,09,30
2001-08-31,Debt Held by the Public,3340818.492,3474334,3439322,3668380,3761222,3814687,1,2001,4,2001,3,08,31
2001-08-31,Intragovernmental Holdings,2429058.378,2203488,2234857,1987891,1764971,1598459,2,2001,4,2001,3,08,31
2001-08-31,Total Public Debt Outstanding,5769875.85,5677822,5674178,5656271,5526193,5413146,3,2001,4,2001,3,08,31
2001-07-31,Debt Held by the Public,3266221.702,3464807,3439322,3668380,3761222,3814687,1,2001,4,2001,3,07,31
2001-07-31,Intragovernmental Holdings,2452081.037,2194000,2234857,1987891,1764971,1598459,2,2001,4,2001,3,07,31
2001-07-31,Total Public Debt Outstanding,5718302.719,5658807,5674178,5656271,5526193,5413146,3,2001,4,2001,3,07,31
2001-06-30,Debt Held by the Public,3274773.49,3497092.947,3439322,3668380,3761222,3814687,1,2001,3,2001,2,06,30
2001-06-30,Intragovernmental Holdings,2452042.441,2188845.139,2234857,1987891,1764971,1598459,2,2001,3,2001,2,06,30
2001-06-30,Total Public Debt Outstanding,5726814.911,5685938.086,5674178,5656271,5526193,5413146,3,2001,3,2001,2,06,30
2001-05-31,Debt Held by the Public,3276924.117,3519344,3439322,3668380,3761222,3814687,1,2001,3,2001,2,05,31
2001-05-31,Intragovernmental Holdings,2379258.2256,2127826,2234857,1987891,1764971,1598459,2,2001,3,2001,2,05,31
2001-05-31,Total Public Debt Outstanding,5656182.3226,5647170,5674178,5656271,5526193,5413146,3,2001,3,2001,2,05,31
2001-04-30,Debt Held by the Public,3297979.919,null,3439322,3668380,3761222,3814687,1,2001,3,2001,2,04,30
2001-04-30,Intragovernmental Holdings,2363367.528,null,2234857,1987891,1764971,1598459,2,2001,3,2001,2,04,30
2001-04-30,Total Public Debt Outstanding,5661348.427,null,5674178,5656271,5526193,5413146,3,2001,3,2001,2,04,30
2001-03-31,Debt Held by the Public,3435028.918,null,3439322,3668380,3761222,3814687,1,2001,2,2001,1,03,31
2001-03-31,Intragovernmental Holdings,2338710.924,null,2234857,1987891,1764971,1598459,2,2001,2,2001,1,03,31
2001-03-31,Total Public Debt Outstanding,5773739.832,null,5674178,5656271,5526193,5413146,3,2001,2,2001,1,03,31
2001-02-28,Debt Held by the Public,3402737.98,null,3439322,3668380,3761222,3814687,1,2001,2,2001,1,02,28
2001-02-28,Intragovernmental Holdings,2333122.336,null,2234857,1987891,1764971,1598459,2,2001,2,2001,1,02,28
2001-02-28,Total Treasury Securities Outstanding,5735859.306,null,5674178,5656271,5526193,5413146,3,2001,2,2001,1,02,28
2001-01-31,Debt Held by the Public,3388016.372,null,3439322,3668380,3761222,3814687,1,2001,2,2001,1,01,31
2001-01-31,Intragovernmental Holdings,2328054.813,null,2234857,1987891,1764971,1598459,2,2001,2,2001,1,01,31
2001-01-31,Total Treasury Securities Outstanding,5716071.175,null,5674178,5656271,5526193,5413146,3,2001,2,2001,1,01,31
